"0.0","0.0","0.49609375","0.0","0.0","0.0","0.058823529411764705","0.058823529411764705","0.058823529411764705","0.0","0.0","0.0","0.0","0.0","0.0","0.0","0.0","0.058823529411764705","0.058823529411764705","0.058823529411764705","0.058823529411764705","0.058823529411764705","0.058823529411764705","0.058823529411764705","0.0","0.0","0.0","0.0","0.0","0.0","0.0","0.0","0.0","0.0","0.0","0.0","0.058823529411764705","0.058823529411764705","0.0","0.0","0.0","0.0","0.0","0.0","0.0","0.0","0.0","0.0","0.0","0.0","0.0","1.0","0.0","0.0","1.0","1.0"
"0.0","0.25","0.5","0.0","0.0","0.0","0.0","0.0","0.0","0.0","0.0","0.0","0.0","0.0","0.0","0.0","0.0","0.0","0.058823529411764705","0.058823529411764705","0.058823529411764705","0.058823529411764705","0.058823529411764705","0.0","0.0","0.0","0.0","0.0","0.0","0.0","0.0","0.0","0.0","0.0","0.0","0.0","0.0","0.058823529411764705","0.058823529411764705","0.058823529411764705","0.058823529411764705","0.058823529411764705","0.058823529411764705","0.058823529411764705","0.0","0.0","0.0","0.0","0.0","0.0","0.0","1.0","0.0","0.0","1.0","1.0"
"0.0","0.25","0.5","0.0","0.0","0.0","0.0","0.0","0.0","0.0","0.0","0.0","0.0","0.0","0.0","0.0","0.0","0.0","0.058823529411764705","0.058823529411764705","0.058823529411764705","0.058823529411764705","0.058823529411764705","0.0","0.0","0.0","0.0","0.0","0.0","0.0","0.0","0.0","0.0","0.0","0.0","0.0","0.0","0.058823529411764705","0.058823529411764705","0.058823529411764705","0.058823529411764705","0.058823529411764705","0.058823529411764705","0.058823529411764705","0.0","0.0","0.0","0.0","0.0","0.0","0.0","1.0","0.0","0.0","1.0","1.0"
"0.0","0.25","0.50390625","0.0","0.0","0.0","0.0","0.0","0.0","0.0","0.0","0.0","0.0","0.0","0.0","0.0","0.0","0.0","0.058823529411764705","0.058823529411764705","0.058823529411764705","0.058823529411764705","0.058823529411764705","0.0","0.0","0.0","0.0","0.0","0.0","0.0","0.0","0.0","0.0","0.0","0.0","0.0","0.0","0.058823529411764705","0.058823529411764705","0.058823529411764705","0.058823529411764705","0.058823529411764705","0.058823529411764705","0.058823529411764705","0.0","0.0","0.0","0.0","0.0","0.0","0.0","1.0","0.0","0.0","1.0","1.0"
"0.0","0.25","0.50390625","0.0","0.0","0.0","0.0","0.0","0.0","0.0","0.0","0.0","0.0","0.0","0.0","0.0","0.0","0.0","0.058823529411764705","0.058823529411764705","0.058823529411764705","0.058823529411764705","0.058823529411764705","0.0","0.0","0.0","0.0","0.0","0.0","0.0","0.0","0.0","0.0","0.0","0.0","0.0","0.0","0.058823529411764705","0.058823529411764705","0.058823529411764705","0.058823529411764705","0.058823529411764705","0.058823529411764705","0.058823529411764705","0.0","0.0","0.0","0.0","0.0","0.0","0.0","1.0","0.0","0.0","1.0","1.0"
"0.0","0.25","0.5078125","0.0","0.0","0.0","0.0","0.0","0.0","0.0","0.0","0.0","0.0","0.0","0.0","0.0","0.0","0.0","0.0","0.0","0.0","0.0","0.0","0.0","0.0","0.0","0.0","0.0","0.0","0.0","0.0","0.0","0.0","0.0","0.0","0.0","0.0","0.0","0.058823529411764705","0.058823529411764705","0.058823529411764705","0.058823529411764705","0.058823529411764705","0.058823529411764705","0.0","0.0","0.0","0.0","0.0","0.0","0.0","0.0","0.0","0.0","1.0","1.0"
"0.0","0.25","0.51171875","0.0","0.0","0.0","0.0","0.0","0.0","0.0","0.0","0.0","0.0","0.0","0.0","0.0","0.0","0.0","0.0","0.0","0.0","0.0","0.0","0.0","0.0","0.0","0.0","0.0","0.0","0.0","0.0","0.0","0.0","0.0","0.0","0.0","0.0","0.0","0.058823529411764705","0.058823529411764705","0.058823529411764705","0.058823529411764705","0.058823529411764705","0.058823529411764705","0.0","0.0","0.0","0.0","0.0","0.0","0.0","0.0","0.0","0.0","1.0","1.0"
"0.0","0.25","0.51171875","0.0","0.0","0.0","0.0","0.0","0.0","0.0","0.0","0.0","0.0","0.0","0.0","0.0","0.0","0.0","0.0","0.0","0.0","0.0","0.0","0.0","0.0","0.0","0.0","0.0","0.0","0.0","0.0","0.0","0.0","0.0","0.0","0.0","0.0","0.0","0.058823529411764705","0.058823529411764705","0.058823529411764705","0.058823529411764705","0.058823529411764705","0.058823529411764705","0.0","0.0","0.0","0.0","0.0","0.0","0.0","0.0","0.0","0.0","1.0","1.0"
"0.0","0.25","0.515625","0.0","0.0","0.0","0.0","0.0","0.0","0.0","0.0","0.0","0.0","0.0","0.0","0.0","0.0","0.0","0.0","0.0","0.0","0.0","0.0","0.0","0.0","0.0","0.0","0.0","0.0","0.0","0.0","0.0","0.0","0.0","0.0","0.0","0.0","0.0","0.058823529411764705","0.058823529411764705","0.058823529411764705","0.058823529411764705","0.058823529411764705","0.058823529411764705","0.0","0.0","0.0","0.0","0.0","0.0","0.0","0.0","0.0","0.0","1.0","1.0"
"0.0","0.25","0.515625","0.0","0.0","0.0","0.0","0.0","0.0","0.0","0.0","0.0","0.0","0.0","0.0","0.0","0.0","0.0","0.0","0.0","0.0","0.0","0.0","0.0","0.0","0.0","0.0","0.0","0.0","0.0","0.0","0.0","0.0","0.0","0.0","0.0","0.0","0.0","0.058823529411764705","0.058823529411764705","0.058823529411764705","0.058823529411764705","0.058823529411764705","0.058823529411764705","0.0","0.0","0.0","0.0","0.0","0.0","0.0","0.0","0.0","0.0","1.0","1.0"
"0.0","0.25","0.51953125","0.0","0.0","0.0","0.0","0.0","0.0","0.0","0.0","0.0","0.0","0.0","0.0","0.0","0.0","0.0","0.0","0.0","0.0","0.0","0.0","0.0","0.0","0.0","0.0","0.0","0.0","0.0","0.0","0.0","0.0","0.0","0.0","0.0","0.0","0.0","0.0","0.0","0.0","0.0","0.0","0.0","0.0","0.0","0.0","0.0","0.0","0.0","0.0","0.0","0.0","0.0","1.0","1.0"
"0.0","0.25","0.5234375","0.0","0.0","0.0","0.0","0.0","0.0","0.0","0.0","0.0","0.0","0.0","0.0","0.0","0.0","0.0","0.0","0.0","0.0","0.0","0.0","0.0","0.0","0.0","0.0","0.0","0.0","0.0","0.0","0.0","0.0","0.0","0.0","0.0","0.0","0.0","0.0","0.0","0.0","0.0","0.0","0.0","0.0","0.0","0.0","0.0","0.0","0.0","0.0","0.0","0.0","0.0","1.0","1.0"
"0.0","0.25","0.5234375","0.0","0.0","0.0","0.0","0.0","0.0","0.0","0.0","0.0","0.0","0.0","0.0","0.0","0.0","0.0","0.0","0.0","0.0","0.0","0.0","0.0","0.0","0.0","0.0","0.0","0.0","0.0","0.0","0.0","0.0","0.0","0.0","0.0","0.0","0.0","0.0","0.0","0.0","0.0","0.0","0.0","0.0","0.0","0.0","0.0","0.0","0.0","0.0","0.0","0.0","0.0","1.0","0.0"
"0.0","0.25","0.52734375","0.0","0.0","0.0","0.0","0.0","0.0","0.0","0.0","0.0","0.0","0.0","0.0","0.0","0.0","0.0","0.0","0.0","0.0","0.0","0.0","0.0","0.0","0.0","0.0","0.0","0.0","0.0","0.0","0.0","0.0","0.0","0.0","0.0","0.0","0.0","0.0","0.0","0.0","0.0","0.0","0.0","0.0","0.0","0.0","0.0","0.0","0.0","0.0","0.0","0.0","0.0","1.0","0.0"
"0.0","0.25","0.65234375","0.0","0.0","0.0","0.0","0.0","0.0","0.0","0.0","0.0","0.0","0.0","0.23529411764705882","0.0","0.0","0.0","0.058823529411764705","0.058823529411764705","0.058823529411764705","0.058823529411764705","0.058823529411764705","0.7058823529411765","0.0","0.0","0.0","0.0","0.0","0.0","0.0","0.0","0.0","0.0","0.0","0.0","0.0","0.058823529411764705","0.058823529411764705","0.058823529411764705","0.058823529411764705","0.058823529411764705","0.058823529411764705","0.058823529411764705","0.058823529411764705","0.058823529411764705","0.0","0.0","0.0","0.0","0.0","0.0","0.0","0.0","1.0","0.0"
"0.0","0.25","0.65234375","0.0","0.0","0.0","0.0","0.0","0.0","0.0","0.0","0.0","0.0","0.0","0.23529411764705882","0.0","0.0","0.0","0.058823529411764705","0.058823529411764705","0.058823529411764705","0.058823529411764705","0.058823529411764705","0.7058823529411765","0.0","0.0","0.0","0.0","0.0","0.0","0.0","0.0","0.0","0.0","0.0","0.0","0.0","0.058823529411764705","0.058823529411764705","0.058823529411764705","0.058823529411764705","0.058823529411764705","0.058823529411764705","0.058823529411764705","0.058823529411764705","0.058823529411764705","0.0","0.0","0.0","0.0","0.0","0.0","0.0","0.0","1.0","0.0"
"0.0","0.0","0.65234375","0.0","0.0","0.0","0.058823529411764705","0.058823529411764705","0.058823529411764705","0.0","0.0","0.0","0.0","0.0","0.0","0.0","0.0","0.058823529411764705","0.058823529411764705","0.058823529411764705","0.058823529411764705","0.058823529411764705","0.058823529411764705","0.058823529411764705","0.7058823529411765","0.0","0.0","0.0","0.0","0.0","0.0","0.23529411764705882","0.0","0.0","0.0","0.0","0.058823529411764705","0.058823529411764705","0.0","0.0","0.0","0.0","0.0","0.0","0.0","0.058823529411764705","0.058823529411764705","0.0","0.0","0.0","0.0","0.0","0.0","0.0","1.0","0.0"
"0.0","0.0","0.58984375","0.0","0.0","0.0","0.058823529411764705","0.058823529411764705","0.058823529411764705","0.0","0.0","0.0","0.0","0.0","0.0","0.0","0.0","0.058823529411764705","0.058823529411764705","0.058823529411764705","0.058823529411764705","0.058823529411764705","0.058823529411764705","0.058823529411764705","0.0","0.0","0.0","0.0","0.0","0.0","0.0","0.23529411764705882","0.0","0.0","0.0","0.0","0.058823529411764705","0.058823529411764705","0.0","0.0","0.0","0.0","0.0","0.0","0.0","0.058823529411764705","0.058823529411764705","0.7058823529411765","0.0","0.0","0.0","0.0","0.0","0.0","1.0","0.0"
"0.0","0.0","0.58984375","0.0","0.0","0.0","0.058823529411764705","0.058823529411764705","0.058823529411764705","0.0","0.0","0.0","0.0","0.0","0.0","0.0","0.0","0.058823529411764705","0.058823529411764705","0.058823529411764705","0.058823529411764705","0.058823529411764705","0.058823529411764705","0.058823529411764705","0.0","0.0","0.0","0.0","0.0","0.0","0.0","0.23529411764705882","0.0","0.0","0.0","0.0","0.058823529411764705","0.058823529411764705","0.0","0.0","0.0","0.0","0.0","0.0","0.0","0.058823529411764705","0.058823529411764705","0.7058823529411765","0.0","0.0","0.0","0.0","0.0","0.0","1.0","0.0"
"0.0","0.0","0.58984375","0.0","0.0","0.0","0.058823529411764705","0.058823529411764705","0.058823529411764705","0.0","0.0","0.0","0.0","0.0","0.0","0.0","0.0","0.058823529411764705","0.058823529411764705","0.058823529411764705","0.058823529411764705","0.058823529411764705","0.058823529411764705","0.058823529411764705","0.0","0.0","0.0","0.0","0.0","0.0","0.0","0.23529411764705882","0.0","0.0","0.0","0.0","0.058823529411764705","0.058823529411764705","0.0","0.0","0.0","0.0","0.0","0.0","0.0","0.058823529411764705","0.058823529411764705","0.7058823529411765","0.0","0.0","0.0","0.0","0.0","0.0","1.0","0.0"
"0.0","0.0","0.58984375","0.0","0.0","0.0","0.058823529411764705","0.058823529411764705","0.058823529411764705","0.0","0.0","0.0","0.0","0.0","0.0","0.0","0.0","0.058823529411764705","0.058823529411764705","0.058823529411764705","0.058823529411764705","0.058823529411764705","0.058823529411764705","0.058823529411764705","0.0","0.0","0.0","0.0","0.0","0.0","0.0","0.23529411764705882","0.0","0.0","0.0","0.0","0.058823529411764705","0.058823529411764705","0.0","0.0","0.0","0.0","0.0","0.0","0.0","0.058823529411764705","0.058823529411764705","0.7058823529411765","0.0","0.0","0.0","0.0","0.0","0.0","1.0","0.0"
"0.0","0.0","0.58984375","0.0","0.0","0.0","0.058823529411764705","0.058823529411764705","0.058823529411764705","0.0","0.0","0.0","0.0","0.0","0.0","0.0","0.0","0.058823529411764705","0.058823529411764705","0.058823529411764705","0.058823529411764705","0.058823529411764705","0.058823529411764705","0.058823529411764705","0.0","0.0","0.0","0.0","0.0","0.0","0.0","0.23529411764705882","0.0","0.0","0.0","0.0","0.058823529411764705","0.058823529411764705","0.0","0.0","0.0","0.0","0.0","0.0","0.0","0.058823529411764705","0.058823529411764705","0.7058823529411765","0.0","0.0","0.0","0.0","0.0","0.0","1.0","0.0"
"0.0","0.0","0.58984375","0.0","0.0","0.0","0.058823529411764705","0.058823529411764705","0.058823529411764705","0.0","0.0","0.0","0.0","0.0","0.0","0.0","0.0","0.058823529411764705","0.058823529411764705","0.058823529411764705","0.058823529411764705","0.058823529411764705","0.058823529411764705","0.058823529411764705","0.0","0.0","0.0","0.0","0.0","0.0","0.0","0.23529411764705882","0.0","0.0","0.0","0.0","0.058823529411764705","0.058823529411764705","0.0","0.0","0.0","0.0","0.0","0.0","0.0","0.058823529411764705","0.058823529411764705","0.7058823529411765","0.0","0.0","0.0","0.0","0.0","0.0","1.0","0.0"
"0.0","0.0","0.58984375","0.0","0.0","0.0","0.058823529411764705","0.058823529411764705","0.058823529411764705","0.0","0.0","0.0","0.0","0.0","0.0","0.0","0.0","0.058823529411764705","0.058823529411764705","0.058823529411764705","0.058823529411764705","0.058823529411764705","0.058823529411764705","0.058823529411764705","0.0","0.0","0.0","0.0","0.0","0.0","0.23529411764705882","0.0","0.0","0.0","0.0","0.0","0.058823529411764705","0.058823529411764705","0.0","0.0","0.0","0.0","0.0","0.0","0.0","0.058823529411764705","0.058823529411764705","0.7058823529411765","0.0","0.0","0.0","0.0","0.0","0.0","1.0","0.0"
"0.0","0.0","0.58984375","0.0","0.0","0.0","0.058823529411764705","0.058823529411764705","0.058823529411764705","0.0","0.0","0.0","0.0","0.0","0.0","0.0","0.0","0.058823529411764705","0.058823529411764705","0.058823529411764705","0.058823529411764705","0.058823529411764705","0.058823529411764705","0.058823529411764705","0.0","0.0","0.0","0.0","0.0","0.0","0.23529411764705882","0.0","0.0","0.0","0.0","0.0","0.058823529411764705","0.058823529411764705","0.0","0.0","0.0","0.0","0.0","0.0","0.0","0.058823529411764705","0.058823529411764705","0.7058823529411765","0.0","0.0","0.0","0.0","0.0","0.0","1.0","0.0"
"0.0","0.0","0.58984375","0.0","0.0","0.0","0.058823529411764705","0.058823529411764705","0.058823529411764705","0.0","0.0","0.0","0.0","0.0","0.0","0.0","0.0","0.058823529411764705","0.058823529411764705","0.058823529411764705","0.058823529411764705","0.058823529411764705","0.058823529411764705","0.058823529411764705","0.0","0.0","0.0","0.0","0.0","0.0","0.23529411764705882","0.0","0.0","0.0","0.0","0.0","0.058823529411764705","0.058823529411764705","0.0","0.0","0.0","0.0","0.0","0.0","0.0","0.058823529411764705","0.058823529411764705","0.7058823529411765","0.0","0.0","0.0","0.0","0.0","0.0","1.0","0.0"
"0.0","0.0","0.58984375","0.0","0.0","0.0","0.058823529411764705","0.058823529411764705","0.058823529411764705","0.0","0.0","0.0","0.0","0.0","0.0","0.0","0.0","0.058823529411764705","0.058823529411764705","0.058823529411764705","0.058823529411764705","0.058823529411764705","0.058823529411764705","0.058823529411764705","0.0","0.0","0.0","0.0","0.0","0.0","0.23529411764705882","0.0","0.0","0.0","0.0","0.0","0.058823529411764705","0.058823529411764705","0.0","0.0","0.0","0.0","0.0","0.0","0.0","0.058823529411764705","0.058823529411764705","0.7058823529411765","0.0","0.0","0.0","0.0","0.0","0.0","1.0","0.0"
"0.0","0.0","0.58984375","0.0","0.0","0.0","0.058823529411764705","0.058823529411764705","0.058823529411764705","0.0","0.0","0.0","0.0","0.0","0.0","0.0","0.0","0.058823529411764705","0.058823529411764705","0.058823529411764705","0.058823529411764705","0.058823529411764705","0.058823529411764705","0.058823529411764705","0.0","0.0","0.0","0.0","0.0","0.0","0.23529411764705882","0.0","0.0","0.0","0.0","0.0","0.058823529411764705","0.058823529411764705","0.0","0.0","0.0","0.0","0.0","0.0","0.0","0.058823529411764705","0.058823529411764705","0.7058823529411765","0.0","0.0","0.0","0.0","0.0","0.0","1.0","0.0"
"0.0","0.0","0.58984375","0.0","0.0","0.0","0.058823529411764705","0.058823529411764705","0.058823529411764705","0.0","0.0","0.0","0.0","0.0","0.0","0.0","0.0","0.058823529411764705","0.058823529411764705","0.058823529411764705","0.058823529411764705","0.058823529411764705","0.058823529411764705","0.058823529411764705","0.0","0.0","0.0","0.0","0.0","0.0","0.23529411764705882","0.0","0.0","0.0","0.0","0.0","0.058823529411764705","0.058823529411764705","0.0","0.0","0.0","0.0","0.0","0.0","0.0","0.058823529411764705","0.058823529411764705","0.0","0.0","0.0","0.0","0.0","0.0","0.0","1.0","0.0"
"0.0","0.0","0.58984375","0.0","0.0","0.0","0.058823529411764705","0.058823529411764705","0.058823529411764705","0.0","0.0","0.0","0.0","0.0","0.0","0.0","0.0","0.058823529411764705","0.058823529411764705","0.058823529411764705","0.058823529411764705","0.058823529411764705","0.058823529411764705","0.058823529411764705","0.0","0.0","0.0","0.0","0.0","0.0","0.23529411764705882","0.0","0.0","0.0","0.0","0.0","0.058823529411764705","0.058823529411764705","0.0","0.0","0.0","0.0","0.0","0.0","0.0","0.058823529411764705","0.058823529411764705","0.0","0.0","0.0","0.0","0.0","0.0","0.0","1.0","0.0"
"0.0","0.0","0.58984375","0.0","0.0","0.0","0.058823529411764705","0.058823529411764705","0.058823529411764705","0.0","0.0","0.0","0.0","0.0","0.0","0.0","0.0","0.058823529411764705","0.058823529411764705","0.058823529411764705","0.058823529411764705","0.058823529411764705","0.058823529411764705","0.058823529411764705","0.0","0.0","0.0","0.0","0.0","0.0","0.23529411764705882","0.0","0.0","0.0","0.0","0.0","0.058823529411764705","0.058823529411764705","0.0","0.0","0.0","0.0","0.0","0.0","0.0","0.058823529411764705","0.058823529411764705","0.0","0.0","0.0","0.0","0.0","0.0","0.0","1.0","0.0"
"0.0","0.0","0.58984375","0.0","0.0","0.0","0.058823529411764705","0.058823529411764705","0.058823529411764705","0.0","0.0","0.0","0.0","0.0","0.0","0.0","0.0","0.058823529411764705","0.058823529411764705","0.058823529411764705","0.058823529411764705","0.058823529411764705","0.058823529411764705","0.058823529411764705","0.0","0.0","0.0","0.0","0.0","0.0","0.23529411764705882","0.0","0.0","0.0","0.0","0.0","0.058823529411764705","0.058823529411764705","0.0","0.0","0.0","0.0","0.0","0.0","0.0","0.058823529411764705","0.058823529411764705","0.0","0.0","0.0","0.0","0.0","0.0","0.0","1.0","0.0"
"0.0","0.0","0.58984375","0.0","0.0","0.0","0.058823529411764705","0.058823529411764705","0.058823529411764705","0.0","0.0","0.0","0.0","0.0","0.0","0.0","0.0","0.058823529411764705","0.058823529411764705","0.058823529411764705","0.058823529411764705","0.058823529411764705","0.058823529411764705","0.058823529411764705","0.0","0.0","0.0","0.0","0.0","0.0","0.23529411764705882","0.0","0.0","0.0","0.0","0.0","0.058823529411764705","0.058823529411764705","0.0","0.0","0.0","0.0","0.0","0.0","0.0","0.058823529411764705","0.058823529411764705","0.0","0.0","0.0","0.0","1.0","0.0","0.0","1.0","0.0"
"0.0","0.0","0.59375","0.0","0.0","0.0","0.058823529411764705","0.058823529411764705","0.058823529411764705","0.0","0.0","0.0","0.0","0.0","0.0","0.0","0.0","0.058823529411764705","0.058823529411764705","0.058823529411764705","0.058823529411764705","0.058823529411764705","0.058823529411764705","0.058823529411764705","0.0","0.0","0.0","0.0","0.0","0.0","0.23529411764705882","0.0","0.0","0.0","0.0","0.0","0.058823529411764705","0.058823529411764705","0.0","0.0","0.0","0.0","0.0","0.0","0.0","0.058823529411764705","0.058823529411764705","0.0","0.0","0.0","0.0","1.0","0.0","0.0","1.0","0.0"
"0.0","0.0","0.59765625","0.0","0.0","0.0","0.058823529411764705","0.058823529411764705","0.058823529411764705","0.0","0.0","0.0","0.0","0.0","0.0","0.0","0.0","0.058823529411764705","0.058823529411764705","0.058823529411764705","0.058823529411764705","0.058823529411764705","0.058823529411764705","0.058823529411764705","0.0","0.0","0.0","0.0","0.0","0.23529411764705882","0.0","0.0","0.0","0.0","0.0","0.0","0.058823529411764705","0.058823529411764705","0.0","0.0","0.0","0.0","0.0","0.0","0.0","0.058823529411764705","0.058823529411764705","0.0","0.0","0.0","0.0","1.0","0.0","0.0","1.0","0.0"
"0.0","0.0","0.6015625","0.0","0.0","0.0","0.058823529411764705","0.058823529411764705","0.058823529411764705","0.0","0.0","0.0","0.0","0.0","0.0","0.0","0.0","0.058823529411764705","0.058823529411764705","0.058823529411764705","0.058823529411764705","0.058823529411764705","0.058823529411764705","0.058823529411764705","0.0","0.0","0.0","0.0","0.0","0.23529411764705882","0.0","0.0","0.0","0.0","0.0","0.0","0.058823529411764705","0.058823529411764705","0.0","0.0","0.0","0.0","0.0","0.0","0.0","0.058823529411764705","0.058823529411764705","0.0","0.0","0.0","0.0","1.0","0.0","0.0","1.0","0.0"
"0.0","0.0","0.60546875","0.0","0.0","0.0","0.058823529411764705","0.058823529411764705","0.058823529411764705","0.0","0.0","0.0","0.0","0.0","0.0","0.0","0.0","0.058823529411764705","0.058823529411764705","0.058823529411764705","0.058823529411764705","0.058823529411764705","0.058823529411764705","0.058823529411764705","0.0","0.0","0.0","0.0","0.0","0.23529411764705882","0.0","0.0","0.0","0.0","0.0","0.0","0.058823529411764705","0.058823529411764705","0.0","0.0","0.0","0.0","0.0","0.0","0.0","0.058823529411764705","0.058823529411764705","0.0","0.0","0.0","0.0","1.0","0.0","0.0","1.0","0.0"
"0.0","0.0","0.609375","0.0","0.0","0.0","0.058823529411764705","0.058823529411764705","0.058823529411764705","0.0","0.0","0.0","0.0","0.0","0.0","0.0","0.0","0.058823529411764705","0.058823529411764705","0.058823529411764705","0.058823529411764705","0.058823529411764705","0.058823529411764705","0.058823529411764705","0.0","0.0","0.0","0.0","0.0","0.23529411764705882","0.0","0.0","0.0","0.0","0.0","0.0","0.058823529411764705","0.058823529411764705","0.0","0.0","0.0","0.0","0.0","0.0","0.0","0.058823529411764705","0.058823529411764705","0.0","0.0","0.0","0.0","1.0","0.0","0.0","1.0","0.0"
"0.0","0.0","0.61328125","0.0","0.0","0.0","0.058823529411764705","0.058823529411764705","0.058823529411764705","0.0","0.0","0.0","0.0","0.0","0.0","0.0","0.0","0.058823529411764705","0.058823529411764705","0.058823529411764705","0.058823529411764705","0.058823529411764705","0.058823529411764705","0.058823529411764705","0.0","0.0","0.0","0.0","0.0","0.23529411764705882","0.0","0.0","0.0","0.0","0.0","0.0","0.058823529411764705","0.058823529411764705","0.0","0.0","0.0","0.0","0.0","0.0","0.0","0.058823529411764705","0.058823529411764705","0.0","0.0","0.0","0.0","1.0","0.0","0.0","1.0","0.0"
"0.0","0.0","0.6171875","0.0","0.0","0.0","0.058823529411764705","0.058823529411764705","0.058823529411764705","0.0","0.0","0.0","0.0","0.0","0.0","0.0","0.0","0.058823529411764705","0.058823529411764705","0.058823529411764705","0.058823529411764705","0.058823529411764705","0.058823529411764705","0.058823529411764705","0.0","0.0","0.0","0.0","0.0","0.23529411764705882","0.0","0.0","0.0","0.0","0.0","0.0","0.058823529411764705","0.058823529411764705","0.0","0.0","0.0","0.0","0.0","0.0","0.0","0.058823529411764705","0.058823529411764705","0.0","0.0","0.0","0.0","1.0","0.0","0.0","1.0","0.0"
"0.0","0.0","0.6171875","0.0","0.0","0.0","0.058823529411764705","0.058823529411764705","0.058823529411764705","0.0","0.0","0.0","0.0","0.0","0.0","0.0","0.0","0.058823529411764705","0.058823529411764705","0.058823529411764705","0.058823529411764705","0.058823529411764705","0.058823529411764705","0.058823529411764705","0.0","0.0","0.0","0.0","0.0","0.23529411764705882","0.0","0.0","0.0","0.0","0.0","0.0","0.058823529411764705","0.058823529411764705","0.0","0.0","0.0","0.0","0.0","0.0","0.0","0.058823529411764705","0.058823529411764705","0.0","0.0","0.0","0.0","1.0","0.0","0.0","1.0","0.0"
"0.0","0.0","0.62109375","0.0","0.0","0.0","0.058823529411764705","0.058823529411764705","0.058823529411764705","0.0","0.0","0.0","0.0","0.0","0.0","0.0","0.0","0.058823529411764705","0.058823529411764705","0.058823529411764705","0.058823529411764705","0.058823529411764705","0.058823529411764705","0.058823529411764705","0.0","0.0","0.0","0.0","0.0","0.23529411764705882","0.0","0.0","0.0","0.0","0.0","0.0","0.058823529411764705","0.058823529411764705","0.0","0.0","0.0","0.0","0.0","0.0","0.0","0.058823529411764705","0.058823529411764705","0.0","0.0","0.0","0.0","1.0","0.0","0.0","1.0","0.0"
"0.0","0.0","0.625","0.0","0.0","0.0","0.058823529411764705","0.058823529411764705","0.058823529411764705","0.0","0.0","0.0","0.0","0.0","0.0","0.0","0.0","0.058823529411764705","0.058823529411764705","0.058823529411764705","0.058823529411764705","0.058823529411764705","0.058823529411764705","0.058823529411764705","0.0","0.0","0.0","0.0","0.23529411764705882","0.0","0.0","0.0","0.0","0.0","0.0","0.0","0.058823529411764705","0.058823529411764705","0.0","0.0","0.0","0.0","0.0","0.0","0.0","0.058823529411764705","0.058823529411764705","0.0","0.0","0.0","0.0","1.0","0.0","0.0","1.0","0.0"
"0.0","0.0","0.62890625","0.0","0.0","0.0","0.058823529411764705","0.058823529411764705","0.058823529411764705","0.0","0.0","0.0","0.0","0.0","0.0","0.0","0.0","0.058823529411764705","0.058823529411764705","0.058823529411764705","0.058823529411764705","0.058823529411764705","0.058823529411764705","0.058823529411764705","0.0","0.0","0.0","0.0","0.23529411764705882","0.0","0.0","0.0","0.0","0.0","0.0","0.0","0.058823529411764705","0.058823529411764705","0.0","0.0","0.0","0.0","0.0","0.0","0.0","0.058823529411764705","0.058823529411764705","0.0","0.0","0.0","0.0","1.0","0.0","0.0","1.0","0.0"
"0.0","0.0","0.6328125","0.0","0.0","0.0","0.058823529411764705","0.058823529411764705","0.058823529411764705","0.0","0.0","0.0","0.0","0.0","0.0","0.0","0.0","0.058823529411764705","0.058823529411764705","0.058823529411764705","0.058823529411764705","0.058823529411764705","0.058823529411764705","0.058823529411764705","0.0","0.0","0.0","0.0","0.23529411764705882","0.0","0.0","0.0","0.0","0.0","0.0","0.0","0.058823529411764705","0.058823529411764705","0.0","0.0","0.0","0.0","0.0","0.0","0.0","0.058823529411764705","0.058823529411764705","0.0","0.0","0.0","0.0","1.0","0.0","0.0","1.0","0.0"
"0.0","0.0","0.63671875","0.0","0.0","0.0","0.058823529411764705","0.058823529411764705","0.058823529411764705","0.0","0.0","0.0","0.0","0.0","0.0","0.0","0.0","0.058823529411764705","0.058823529411764705","0.058823529411764705","0.058823529411764705","0.058823529411764705","0.058823529411764705","0.058823529411764705","0.0","0.0","0.0","0.0","0.23529411764705882","0.0","0.0","0.0","0.0","0.0","0.0","0.0","0.058823529411764705","0.058823529411764705","0.0","0.0","0.0","0.0","0.0","0.0","0.0","0.058823529411764705","0.058823529411764705","0.0","0.0","0.0","0.0","1.0","0.0","0.0","1.0","0.0"
"0.0","0.0","0.640625","0.0","0.0","0.0","0.058823529411764705","0.058823529411764705","0.058823529411764705","0.0","0.0","0.0","0.0","0.0","0.0","0.0","0.0","0.058823529411764705","0.058823529411764705","0.058823529411764705","0.058823529411764705","0.058823529411764705","0.058823529411764705","0.058823529411764705","0.0","0.0","0.0","0.0","0.23529411764705882","0.0","0.0","0.0","0.0","0.0","0.0","0.7058823529411765","0.058823529411764705","0.058823529411764705","0.0","0.0","0.0","0.0","0.0","0.0","0.0","0.058823529411764705","0.058823529411764705","0.0","0.0","0.0","0.0","1.0","0.0","0.0","1.0","0.0"
"0.0","0.0","0.64453125","0.0","0.0","0.0","0.058823529411764705","0.058823529411764705","0.058823529411764705","0.0","0.0","0.0","0.0","0.0","0.0","0.0","0.0","0.058823529411764705","0.058823529411764705","0.058823529411764705","0.058823529411764705","0.058823529411764705","0.058823529411764705","0.058823529411764705","0.0","0.0","0.0","0.0","0.23529411764705882","0.0","0.0","0.0","0.0","0.0","0.0","0.7058823529411765","0.058823529411764705","0.058823529411764705","0.0","0.0","0.0","0.0","0.0","0.0","0.0","0.058823529411764705","0.058823529411764705","0.0","0.0","0.0","0.0","1.0","0.0","0.0","1.0","0.0"
"0.0","0.0","0.6484375","0.0","0.0","0.0","0.058823529411764705","0.058823529411764705","0.058823529411764705","0.0","0.0","0.0","0.0","0.0","0.0","0.0","0.0","0.058823529411764705","0.058823529411764705","0.058823529411764705","0.058823529411764705","0.058823529411764705","0.058823529411764705","0.058823529411764705","0.0","0.0","0.0","0.0","0.23529411764705882","0.0","0.0","0.0","0.0","0.0","0.0","0.7058823529411765","0.058823529411764705","0.058823529411764705","0.0","0.0","0.0","0.0","0.0","0.0","0.0","0.058823529411764705","0.058823529411764705","0.0","0.0","0.0","0.0","1.0","0.0","0.0","1.0","0.0"
"0.0","0.0","0.6484375","0.0","0.0","0.0","0.058823529411764705","0.058823529411764705","0.058823529411764705","0.0","0.0","0.0","0.0","0.0","0.0","0.0","0.0","0.058823529411764705","0.058823529411764705","0.058823529411764705","0.058823529411764705","0.058823529411764705","0.058823529411764705","0.058823529411764705","0.0","0.0","0.0","0.23529411764705882","0.0","0.0","0.0","0.0","0.0","0.0","0.0","0.7058823529411765","0.058823529411764705","0.058823529411764705","0.0","0.0","0.0","0.0","0.0","0.0","0.0","0.058823529411764705","0.058823529411764705","0.0","0.0","0.0","0.0","1.0","0.0","0.0","1.0","0.0"
"0.0","0.0","0.65234375","0.0","0.0","0.0","0.058823529411764705","0.058823529411764705","0.058823529411764705","0.0","0.0","0.0","0.0","0.0","0.0","0.0","0.0","0.058823529411764705","0.058823529411764705","0.058823529411764705","0.058823529411764705","0.058823529411764705","0.058823529411764705","0.058823529411764705","0.0","0.0","0.0","0.23529411764705882","0.0","0.0","0.0","0.0","0.0","0.0","0.0","0.7058823529411765","0.058823529411764705","0.058823529411764705","0.0","0.0","0.0","0.0","0.0","0.0","0.0","0.058823529411764705","0.058823529411764705","0.0","0.0","0.0","0.0","1.0","0.0","0.0","1.0","0.0"
"0.0","0.0","0.65234375","0.0","0.0","0.0","0.058823529411764705","0.058823529411764705","0.058823529411764705","0.0","0.0","0.0","0.0","0.0","0.0","0.0","0.7058823529411765","0.058823529411764705","0.058823529411764705","0.058823529411764705","0.058823529411764705","0.058823529411764705","0.058823529411764705","0.058823529411764705","0.0","0.0","0.0","0.23529411764705882","0.0","0.0","0.0","0.0","0.0","0.0","0.0","0.0","0.058823529411764705","0.058823529411764705","0.0","0.0","0.0","0.0","0.0","0.0","0.0","0.058823529411764705","0.058823529411764705","0.0","0.0","0.0","0.0","1.0","0.0","0.0","1.0","0.0"
"0.0","0.0","0.65234375","0.0","0.0","0.0","0.058823529411764705","0.058823529411764705","0.058823529411764705","0.0","0.0","0.0","0.0","0.0","0.0","0.0","0.7058823529411765","0.058823529411764705","0.058823529411764705","0.058823529411764705","0.058823529411764705","0.058823529411764705","0.058823529411764705","0.058823529411764705","0.0","0.0","0.0","0.23529411764705882","0.0","0.0","0.0","0.0","0.0","0.0","0.0","0.0","0.058823529411764705","0.058823529411764705","0.0","0.0","0.0","0.0","0.0","0.0","0.0","0.058823529411764705","0.058823529411764705","0.0","0.0","0.0","0.0","1.0","0.0","0.0","1.0","0.0"
"0.0","0.0","0.65234375","0.0","0.0","0.0","0.058823529411764705","0.058823529411764705","0.058823529411764705","0.0","0.0","0.0","0.0","0.0","0.0","0.0","0.7058823529411765","0.058823529411764705","0.058823529411764705","0.058823529411764705","0.058823529411764705","0.058823529411764705","0.058823529411764705","0.058823529411764705","0.0","0.0","0.0","0.23529411764705882","0.0","0.0","0.0","0.0","0.0","0.0","0.0","0.0","0.058823529411764705","0.058823529411764705","0.0","0.0","0.0","0.0","0.0","0.0","0.0","0.058823529411764705","0.058823529411764705","0.0","0.0","0.0","0.0","1.0","0.0","0.0","1.0","0.0"
"0.0","0.0","0.65234375","0.0","0.0","0.0","0.058823529411764705","0.058823529411764705","0.058823529411764705","0.0","0.0","0.0","0.0","0.0","0.0","0.0","0.7058823529411765","0.058823529411764705","0.058823529411764705","0.058823529411764705","0.058823529411764705","0.058823529411764705","0.058823529411764705","0.058823529411764705","0.0","0.0","0.0","0.23529411764705882","0.0","0.0","0.0","0.0","0.0","0.0","0.0","0.7058823529411765","0.058823529411764705","0.058823529411764705","0.0","0.0","0.0","0.0","0.0","0.0","0.0","0.058823529411764705","0.058823529411764705","0.0","0.0","0.0","0.0","1.0","0.0","0.0","1.0","0.0"
"0.0","0.0","0.65234375","0.0","0.0","0.0","0.058823529411764705","0.058823529411764705","0.058823529411764705","0.0","0.0","0.0","0.0","0.0","0.0","0.0","0.7058823529411765","0.058823529411764705","0.058823529411764705","0.058823529411764705","0.058823529411764705","0.058823529411764705","0.058823529411764705","0.058823529411764705","0.0","0.0","0.0","0.23529411764705882","0.0","0.0","0.0","0.0","0.0","0.0","0.0","0.7058823529411765","0.058823529411764705","0.058823529411764705","0.0","0.0","0.0","0.0","0.0","0.0","0.0","0.058823529411764705","0.058823529411764705","0.0","0.0","0.0","0.0","1.0","0.0","0.0","1.0","1.0"
"0.0","0.25","0.65234375","0.0","0.0","0.0","0.0","0.0","0.0","0.0","0.0","0.0","0.0","0.0","0.0","0.0","0.0","0.7058823529411765","0.058823529411764705","0.058823529411764705","0.058823529411764705","0.058823529411764705","0.058823529411764705","0.0","0.0","0.0","0.0","0.0","0.0","0.0","0.0","0.0","0.0","0.0","0.0","0.0","0.7058823529411765","0.058823529411764705","0.058823529411764705","0.058823529411764705","0.058823529411764705","0.058823529411764705","0.058823529411764705","0.058823529411764705","0.058823529411764705","0.058823529411764705","0.0","0.0","0.0","0.23529411764705882","0.0","1.0","0.0","0.0","1.0","1.0"
"0.0","0.25","0.65234375","0.0","0.0","0.0","0.7058823529411765","0.0","0.0","0.0","0.0","0.0","0.0","0.0","0.0","0.0","0.0","0.0","0.058823529411764705","0.058823529411764705","0.058823529411764705","0.058823529411764705","0.058823529411764705","0.0","0.0","0.0","0.0","0.0","0.0","0.0","0.0","0.0","0.0","0.0","0.0","0.0","0.7058823529411765","0.058823529411764705","0.058823529411764705","0.058823529411764705","0.058823529411764705","0.058823529411764705","0.058823529411764705","0.058823529411764705","0.058823529411764705","0.058823529411764705","0.0","0.0","0.0","0.23529411764705882","0.0","1.0","0.0","0.0","1.0","1.0"
"0.0","0.25","0.65234375","0.0","0.0","0.0","0.7058823529411765","0.0","0.0","0.0","0.0","0.0","0.0","0.0","0.0","0.0","0.0","0.0","0.058823529411764705","0.058823529411764705","0.058823529411764705","0.058823529411764705","0.058823529411764705","0.0","0.0","0.0","0.0","0.0","0.0","0.0","0.0","0.0","0.0","0.0","0.0","0.0","0.7058823529411765","0.058823529411764705","0.058823529411764705","0.058823529411764705","0.058823529411764705","0.058823529411764705","0.058823529411764705","0.058823529411764705","0.058823529411764705","0.058823529411764705","0.0","0.0","0.0","0.23529411764705882","0.0","1.0","0.0","0.0","1.0","1.0"
"0.0","0.25","0.65234375","0.0","0.0","0.0","0.0","0.0","0.0","0.0","0.0","0.0","0.0","0.0","0.0","0.0","0.0","0.0","0.7058823529411765","0.7058823529411765","0.0","0.0","0.0","0.0","0.0","0.0","0.0","0.0","0.0","0.0","0.0","0.0","0.0","0.0","0.0","0.0","0.0","0.0","0.058823529411764705","0.058823529411764705","0.058823529411764705","0.058823529411764705","0.058823529411764705","0.058823529411764705","0.058823529411764705","0.0","0.0","0.0","0.23529411764705882","0.0","0.0","1.0","0.0","0.0","1.0","1.0"
"0.0","0.25","0.65234375","0.0","0.0","0.0","0.0","0.0","0.0","0.0","0.0","0.0","0.0","0.0","0.0","0.0","0.0","0.0","0.7058823529411765","0.7058823529411765","0.0","0.0","0.0","0.0","0.0","0.0","0.0","0.0","0.0","0.0","0.0","0.0","0.0","0.0","0.0","0.0","0.0","0.0","0.058823529411764705","0.058823529411764705","0.058823529411764705","0.058823529411764705","0.058823529411764705","0.058823529411764705","0.058823529411764705","0.0","0.0","0.0","0.23529411764705882","0.0","0.0","1.0","0.0","0.0","1.0","1.0"
"0.0","0.25","0.65234375","0.0","0.0","0.0","0.0","0.0","0.0","0.0","0.0","0.0","0.0","0.0","0.0","0.0","0.0","0.0","0.7058823529411765","0.7058823529411765","0.0","0.0","0.0","0.0","0.0","0.0","0.0","0.0","0.0","0.0","0.0","0.0","0.0","0.0","0.0","0.0","0.0","0.0","0.058823529411764705","0.058823529411764705","0.058823529411764705","0.058823529411764705","0.058823529411764705","0.058823529411764705","0.058823529411764705","0.0","0.0","0.0","0.23529411764705882","0.0","0.0","1.0","0.0","0.0","1.0","1.0"
"0.0","0.25","0.65234375","0.0","0.0","0.0","0.0","0.0","0.0","0.0","0.0","0.0","0.0","0.0","0.0","0.0","0.0","0.0","0.7058823529411765","0.0","0.7058823529411765","0.0","0.0","0.0","0.0","0.0","0.0","0.0","0.0","0.0","0.0","0.0","0.0","0.0","0.0","0.0","0.0","0.0","0.058823529411764705","0.058823529411764705","0.058823529411764705","0.058823529411764705","0.058823529411764705","0.058823529411764705","0.058823529411764705","0.0","0.0","0.0","0.0","0.0","0.0","1.0","0.0","0.0","1.0","1.0"
"0.0","0.25","0.65234375","0.0","0.0","0.0","0.0","0.0","0.0","0.0","0.0","0.0","0.0","0.0","0.0","0.0","0.0","0.0","0.0","0.0","0.0","0.0","0.0","0.0","0.0","0.0","0.0","0.0","0.0","0.0","0.0","0.0","0.0","0.0","0.0","0.0","0.0","0.0","0.0","0.7058823529411765","0.0","0.7058823529411765","0.0","0.0","0.0","0.0","0.0","0.0","0.0","0.0","0.0","1.0","0.0","0.0","1.0","1.0"
"0.0","0.25","0.65234375","0.0","0.0","0.0","0.0","0.0","0.0","0.0","0.0","0.0","0.0","0.0","0.0","0.0","0.0","0.0","0.0","0.0","0.0","0.0","0.0","0.0","0.0","0.0","0.0","0.0","0.0","0.0","0.0","0.0","0.0","0.0","0.0","0.0","0.0","0.0","0.0","0.7058823529411765","0.0","0.7058823529411765","0.0","0.0","0.0","0.0","0.0","0.0","0.0","0.0","0.0","1.0","0.0","0.0","1.0","1.0"
"0.0","0.25","0.65234375","0.0","0.0","0.0","0.0","0.0","0.0","0.0","0.0","0.0","0.0","0.0","0.0","0.0","0.0","0.0","0.0","0.0","0.0","0.0","0.0","0.0","0.0","0.0","0.0","0.0","0.0","0.0","0.0","0.0","0.0","0.0","0.0","0.0","0.0","0.0","0.0","0.0","0.7058823529411765","0.7058823529411765","0.0","0.0","0.0","0.0","0.0","0.0","0.0","0.0","0.0","1.0","0.0","0.0","1.0","1.0"
"0.0","0.25","0.65234375","0.0","0.0","0.0","0.0","0.0","0.0","0.0","0.0","0.0","0.0","0.0","0.0","0.0","0.0","0.0","0.0","0.0","0.0","0.0","0.0","0.0","0.0","0.0","0.0","0.0","0.0","0.0","0.0","0.0","0.0","0.0","0.0","0.0","0.0","0.0","0.0","0.0","0.7058823529411765","0.7058823529411765","0.0","0.0","0.0","0.0","0.0","0.0","0.0","0.0","0.0","1.0","0.0","0.0","1.0","1.0"
"0.0","0.25","0.65234375","0.0","0.0","0.0","0.0","0.0","0.0","0.0","0.0","0.0","0.0","0.0","0.0","0.0","0.0","0.0","0.0","0.0","0.0","0.0","0.0","0.0","0.0","0.0","0.0","0.0","0.23529411764705882","0.23529411764705882","0.23529411764705882","0.0","0.0","0.0","0.0","0.0","0.0","0.0","0.0","0.0","0.0","0.0","0.0","0.0","0.0","0.0","0.0","0.0","0.0","0.0","0.0","1.0","0.0","0.0","1.0","1.0"
"0.0","0.25","0.65234375","0.0","0.0","0.0","0.0","0.0","0.0","0.0","0.0","0.0","0.0","0.0","0.0","0.0","0.0","0.0","0.0","0.0","0.0","0.0","0.0","0.0","0.0","0.0","0.0","0.0","0.23529411764705882","0.23529411764705882","0.23529411764705882","0.0","0.0","0.0","0.0","0.0","0.0","0.0","0.0","0.0","0.0","0.0","0.0","0.0","0.0","0.0","0.0","0.0","0.0","0.0","0.0","1.0","0.0","0.0","1.0","1.0"
"0.0","0.25","0.65234375","0.0","0.0","0.0","0.0","0.0","0.0","0.0","0.0","0.0","0.0","0.0","0.0","0.0","0.0","0.0","0.0","0.0","0.0","0.0","0.0","0.0","0.0","0.0","0.0","0.23529411764705882","0.23529411764705882","0.23529411764705882","0.0","0.0","0.0","0.0","0.0","0.0","0.0","0.0","0.0","0.0","0.0","0.0","0.0","0.0","0.0","0.0","0.0","0.0","0.0","0.0","0.0","1.0","0.0","0.0","1.0","1.0"
"0.0","0.25","0.65234375","0.0","0.0","0.0","0.0","0.0","0.0","0.0","0.0","0.0","0.0","0.0","0.0","0.0","0.0","0.0","0.0","0.0","0.0","0.0","0.0","0.0","0.0","0.0","0.0","0.23529411764705882","0.23529411764705882","0.23529411764705882","0.0","0.0","0.0","0.0","0.0","0.0","0.0","0.0","0.0","0.0","0.0","0.0","0.0","0.0","0.0","0.0","0.0","0.0","0.0","0.0","0.0","1.0","0.0","0.0","1.0","1.0"
"0.0","0.25","0.65234375","0.0","0.0","0.0","0.0","0.0","0.0","0.0","0.0","0.0","0.0","0.0","0.0","0.0","0.0","0.0","0.0","0.0","0.0","0.0","0.0","0.0","0.0","0.0","0.0","0.23529411764705882","0.23529411764705882","0.23529411764705882","0.0","0.0","0.0","0.0","0.0","0.0","0.0","0.0","0.0","0.0","0.0","0.0","0.0","0.0","0.0","0.0","0.0","0.0","0.0","0.0","0.0","1.0","0.0","0.0","1.0","1.0"
"0.0","0.25","0.65234375","0.0","0.0","0.0","0.0","0.0","0.0","0.0","0.0","0.0","0.0","0.0","0.0","0.0","0.0","0.0","0.0","0.0","0.0","0.0","0.0","0.0","0.0","0.0","0.0","0.23529411764705882","0.23529411764705882","0.23529411764705882","0.0","0.0","0.0","0.0","0.0","0.0","0.0","0.0","0.0","0.0","0.0","0.0","0.0","0.0","0.0","0.0","0.0","0.0","0.0","0.0","0.0","1.0","0.0","0.0","1.0","1.0"
"0.0","0.25","0.65234375","0.0","0.0","0.0","0.0","0.0","0.0","0.0","0.0","0.23529411764705882","0.23529411764705882","0.0","0.0","0.0","0.0","0.0","0.0","0.0","0.0","0.0","0.0","0.0","0.0","0.0","0.23529411764705882","0.0","0.0","0.0","0.0","0.0","0.0","0.0","0.0","0.0","0.0","0.0","0.0","0.0","0.0","0.0","0.0","0.0","0.0","0.0","0.0","0.0","0.0","0.0","0.0","1.0","0.0","0.0","1.0","1.0"
"0.0","0.25","0.65234375","0.0","0.0","0.0","0.0","0.0","0.0","0.0","0.0","0.23529411764705882","0.23529411764705882","0.0","0.0","0.0","0.0","0.0","0.0","0.0","0.0","0.0","0.0","0.0","0.0","0.0","0.23529411764705882","0.0","0.0","0.0","0.0","0.0","0.0","0.0","0.0","0.0","0.0","0.0","0.0","0.0","0.0","0.0","0.0","0.0","0.0","0.0","0.0","0.0","0.0","0.0","0.0","1.0","0.0","0.0","1.0","1.0"
"0.0","0.25","0.65234375","0.0","0.0","0.0","0.0","0.0","0.0","0.0","0.0","0.23529411764705882","0.0","0.0","0.0","0.0","0.0","0.0","0.0","0.0","0.0","0.0","0.0","0.0","0.0","0.0","0.23529411764705882","0.0","0.0","0.0","0.0","0.0","0.0","0.0","0.0","0.0","0.0","0.0","0.0","0.0","0.0","0.0","0.0","0.0","0.0","0.0","0.0","0.0","0.0","0.23529411764705882","0.0","1.0","0.0","0.0","1.0","1.0"
"0.0","0.25","0.65234375","0.0","0.0","0.0","0.0","0.0","0.0","0.0","0.0","0.23529411764705882","0.0","0.0","0.0","0.0","0.0","0.0","0.0","0.0","0.0","0.0","0.0","0.0","0.0","0.0","0.23529411764705882","0.0","0.0","0.0","0.0","0.0","0.0","0.0","0.0","0.0","0.0","0.0","0.0","0.0","0.0","0.0","0.0","0.0","0.0","0.0","0.0","0.0","0.0","0.23529411764705882","0.0","1.0","0.0","0.0","1.0","1.0"
"0.0","0.25","0.65234375","0.0","0.0","0.0","0.0","0.0","0.0","0.0","0.0","0.23529411764705882","0.0","0.0","0.0","0.0","0.0","0.0","0.0","0.0","0.0","0.0","0.0","0.0","0.0","0.0","0.23529411764705882","0.0","0.0","0.0","0.0","0.0","0.0","0.0","0.0","0.0","0.0","0.0","0.0","0.0","0.0","0.0","0.0","0.0","0.0","0.0","0.0","0.0","0.0","0.23529411764705882","0.0","1.0","0.0","0.0","1.0","1.0"
"0.0","0.25","0.65234375","0.0","0.0","0.0","0.0","0.0","0.0","0.0","0.0","0.23529411764705882","0.0","0.0","0.0","0.0","0.0","0.0","0.0","0.0","0.0","0.0","0.0","0.0","0.0","0.0","0.23529411764705882","0.0","0.0","0.0","0.0","0.0","0.0","0.0","0.0","0.0","0.0","0.0","0.0","0.0","0.0","0.0","0.0","0.0","0.0","0.0","0.0","0.0","0.0","0.23529411764705882","0.0","1.0","0.0","0.0","1.0","1.0"
"0.0","0.25","0.65234375","0.0","0.0","0.0","0.0","0.0","0.0","0.0","0.0","0.23529411764705882","0.0","0.0","0.0","0.0","0.0","0.0","0.0","0.0","0.0","0.0","0.0","0.0","0.0","0.0","0.23529411764705882","0.0","0.0","0.0","0.0","0.0","0.0","0.0","0.0","0.0","0.0","0.0","0.0","0.0","0.0","0.0","0.0","0.0","0.0","0.0","0.0","0.0","0.0","0.23529411764705882","0.0","1.0","0.0","0.0","1.0","1.0"
"0.0","0.25","0.65234375","0.0","0.0","0.0","0.0","0.0","0.0","0.0","0.0","0.23529411764705882","0.0","0.0","0.0","0.0","0.0","0.0","0.0","0.0","0.0","0.0","0.0","0.0","0.0","0.0","0.23529411764705882","0.0","0.0","0.0","0.0","0.0","0.0","0.0","0.0","0.0","0.0","0.0","0.0","0.0","0.0","0.0","0.0","0.0","0.0","0.0","0.0","0.0","0.0","0.23529411764705882","0.0","1.0","0.0","0.0","1.0","1.0"
"0.0","0.25","0.65234375","0.0","0.0","0.0","0.0","0.0","0.0","0.0","0.0","0.0","0.0","0.0","0.0","0.0","0.0","0.0","0.0","0.0","0.0","0.0","0.0","0.0","0.0","0.0","0.23529411764705882","0.0","0.0","0.0","0.0","0.0","0.0","0.23529411764705882","0.0","0.0","0.0","0.0","0.0","0.0","0.0","0.0","0.0","0.0","0.0","0.0","0.0","0.0","0.0","0.23529411764705882","0.0","1.0","0.0","0.0","1.0","1.0"
"0.0","0.25","0.65234375","0.0","0.0","0.0","0.0","0.0","0.0","0.0","0.0","0.0","0.0","0.0","0.0","0.0","0.0","0.0","0.0","0.0","0.0","0.0","0.0","0.0","0.0","0.23529411764705882","0.0","0.0","0.0","0.0","0.0","0.0","0.0","0.0","0.23529411764705882","0.0","0.0","0.0","0.0","0.0","0.0","0.0","0.0","0.0","0.0","0.0","0.0","0.0","0.23529411764705882","0.0","0.0","1.0","0.0","0.0","1.0","1.0"
"0.0","0.25","0.65234375","0.0","0.0","0.0","0.0","0.0","0.0","0.0","0.0","0.0","0.0","0.0","0.0","0.0","0.0","0.0","0.0","0.0","0.0","0.0","0.0","0.0","0.0","0.23529411764705882","0.0","0.0","0.0","0.0","0.0","0.0","0.0","0.0","0.23529411764705882","0.0","0.0","0.0","0.0","0.0","0.0","0.0","0.0","0.0","0.0","0.0","0.0","0.0","0.23529411764705882","0.0","0.0","1.0","0.0","0.0","1.0","1.0"
"0.0","0.25","0.65234375","0.0","0.0","0.0","0.0","0.0","0.0","0.0","0.0","0.0","0.0","0.0","0.0","0.0","0.0","0.0","0.0","0.0","0.0","0.0","0.0","0.0","0.0","0.23529411764705882","0.0","0.0","0.0","0.0","0.0","0.0","0.0","0.0","0.23529411764705882","0.0","0.0","0.0","0.0","0.0","0.0","0.0","0.0","0.0","0.0","0.0","0.0","0.0","0.23529411764705882","0.0","0.0","1.0","0.0","0.0","1.0","1.0"
"0.0","0.25","0.65234375","0.0","0.0","0.0","0.0","0.0","0.0","0.0","0.0","0.0","0.0","0.0","0.0","0.0","0.0","0.0","0.0","0.0","0.0","0.0","0.0","0.0","0.0","0.23529411764705882","0.0","0.0","0.0","0.0","0.0","0.0","0.0","0.0","0.23529411764705882","0.0","0.0","0.0","0.0","0.0","0.0","0.0","0.0","0.0","0.0","0.0","0.0","0.0","0.23529411764705882","0.0","0.0","1.0","0.0","0.0","1.0","1.0"
"0.0","0.25","0.65234375","0.0","0.0","0.0","0.0","0.0","0.0","0.0","0.0","0.0","0.0","0.0","0.0","0.0","0.0","0.0","0.0","0.0","0.0","0.0","0.0","0.0","0.0","0.23529411764705882","0.0","0.0","0.0","0.0","0.0","0.0","0.0","0.0","0.23529411764705882","0.0","0.0","0.0","0.0","0.0","0.0","0.0","0.0","0.0","0.0","0.0","0.0","0.0","0.23529411764705882","0.0","0.0","1.0","0.0","0.0","1.0","1.0"
"0.0","0.25","0.65234375","0.0","0.0","0.0","0.0","0.0","0.0","0.0","0.0","0.0","0.0","0.0","0.0","0.0","0.0","0.0","0.0","0.0","0.0","0.0","0.0","0.0","0.0","0.23529411764705882","0.0","0.0","0.0","0.0","0.0","0.0","0.0","0.0","0.23529411764705882","0.0","0.0","0.0","0.0","0.0","0.0","0.0","0.0","0.0","0.0","0.0","0.0","0.0","0.23529411764705882","0.0","0.0","1.0","0.0","0.0","1.0","1.0"
"0.0","0.25","0.65234375","0.0","0.0","0.0","0.0","0.0","0.0","0.0","0.0","0.0","0.0","0.0","0.0","0.23529411764705882","0.0","0.0","0.0","0.0","0.0","0.0","0.0","0.0","0.0","0.0","0.0","0.0","0.0","0.0","0.0","0.0","0.0","0.0","0.11764705882352941","0.0","0.0","0.0","0.23529411764705882","0.0","0.0","0.0","0.0","0.0","0.0","0.0","0.0","0.0","0.23529411764705882","0.0","0.0","1.0","0.0","0.0","1.0","1.0"
"0.0","0.25","0.65234375","0.0","0.0","0.0","0.0","0.0","0.0","0.0","0.0","0.0","0.0","0.0","0.0","0.23529411764705882","0.0","0.0","0.0","0.0","0.0","0.0","0.0","0.0","0.0","0.0","0.0","0.0","0.0","0.0","0.0","0.0","0.0","0.0","0.11764705882352941","0.0","0.0","0.0","0.23529411764705882","0.0","0.0","0.0","0.0","0.0","0.0","0.0","0.0","0.0","0.23529411764705882","0.0","0.0","1.0","0.0","0.0","1.0","1.0"
"0.0","0.25","0.65234375","0.0","0.0","0.0","0.0","0.0","0.0","0.0","0.0","0.0","0.0","0.0","0.0","0.23529411764705882","0.0","0.0","0.0","0.0","0.0","0.0","0.0","0.0","0.0","0.0","0.0","0.0","0.0","0.0","0.0","0.0","0.0","0.0","0.11764705882352941","0.0","0.0","0.0","0.23529411764705882","0.0","0.0","0.0","0.0","0.0","0.0","0.0","0.0","0.0","0.23529411764705882","0.0","0.0","1.0","0.0","0.0","1.0","0.0"
"0.0","0.25","0.65234375","0.0","0.0","0.0","0.0","0.0","0.0","0.0","0.0","0.0","0.0","0.0","0.23529411764705882","0.0","0.0","0.0","0.0","0.0","0.0","0.0","0.0","0.0","0.0","0.0","0.0","0.0","0.0","0.0","0.0","0.0","0.0","0.11764705882352941","0.0","0.0","0.0","0.23529411764705882","0.0","0.0","0.0","0.0","0.0","0.0","0.0","0.0","0.0","0.0","0.0","0.23529411764705882","0.0","1.0","0.0","0.0","1.0","0.0"
"0.0","0.25","0.65234375","0.0","0.0","0.0","0.0","0.0","0.0","0.0","0.0","0.0","0.0","0.0","0.23529411764705882","0.0","0.0","0.0","0.0","0.0","0.0","0.0","0.0","0.0","0.0","0.0","0.0","0.0","0.0","0.0","0.0","0.0","0.0","0.11764705882352941","0.0","0.0","0.0","0.23529411764705882","0.0","0.0","0.0","0.0","0.0","0.0","0.0","0.0","0.0","0.0","0.0","0.23529411764705882","0.0","1.0","0.0","0.0","1.0","0.0"
"0.0","0.25","0.65234375","0.0","0.0","0.0","0.0","0.0","0.0","0.0","0.0","0.0","0.0","0.0","0.23529411764705882","0.0","0.0","0.0","0.0","0.0","0.0","0.0","0.0","0.0","0.0","0.0","0.0","0.0","0.0","0.0","0.0","0.0","0.0","0.11764705882352941","0.0","0.0","0.0","0.23529411764705882","0.0","0.0","0.0","0.0","0.0","0.0","0.0","0.0","0.0","0.0","0.0","0.23529411764705882","0.0","1.0","0.0","0.0","1.0","0.0"
"0.0","0.25","0.65234375","0.0","0.0","0.0","0.0","0.0","0.0","0.0","0.0","0.0","0.0","0.23529411764705882","0.11764705882352941","0.0","0.0","0.0","0.23529411764705882","0.0","0.0","0.0","0.0","0.0","0.0","0.0","0.0","0.0","0.0","0.0","0.0","0.0","0.0","0.11764705882352941","0.0","0.0","0.0","0.23529411764705882","0.0","0.0","0.0","0.0","0.0","0.0","0.0","0.0","0.0","0.0","0.0","0.0","0.0","1.0","0.0","0.0","1.0","0.0"
"0.0","0.25","0.65234375","0.0","0.0","0.0","0.0","0.0","0.0","0.0","0.0","0.0","0.0","0.23529411764705882","0.11764705882352941","0.0","0.0","0.0","0.23529411764705882","0.0","0.0","0.0","0.0","0.0","0.0","0.0","0.0","0.0","0.0","0.0","0.0","0.0","0.0","0.11764705882352941","0.0","0.0","0.0","0.23529411764705882","0.0","0.0","0.0","0.0","0.0","0.0","0.0","0.0","0.0","0.0","0.0","0.0","0.0","1.0","0.0","0.0","1.0","0.0"
"0.0","0.25","0.65234375","0.0","0.0","0.0","0.0","0.0","0.0","0.0","0.0","0.0","0.0","0.0","0.0","0.0","0.0","0.23529411764705882","0.0","0.0","0.0","0.0","0.0","0.0","0.0","0.0","0.0","0.0","0.0","0.0","0.23529411764705882","0.11764705882352941","0.11764705882352941","0.0","0.0","0.0","0.23529411764705882","0.0","0.0","0.0","0.0","0.0","0.0","0.0","0.0","0.0","0.0","0.0","0.0","0.0","0.0","1.0","0.0","0.0","1.0","0.0"
"0.0","0.25","0.65234375","0.0","0.0","0.0","0.0","0.0","0.0","0.0","0.0","0.0","0.0","0.0","0.0","0.0","0.0","0.23529411764705882","0.0","0.0","0.0","0.0","0.0","0.0","0.0","0.0","0.0","0.0","0.0","0.0","0.23529411764705882","0.11764705882352941","0.11764705882352941","0.0","0.0","0.0","0.23529411764705882","0.0","0.0","0.0","0.0","0.0","0.0","0.0","0.0","0.0","0.0","0.0","0.0","0.0","0.0","1.0","0.0","0.0","1.0","0.0"
"0.0","0.25","0.65234375","0.0","0.0","0.0","0.0","0.0","0.0","0.0","0.0","0.0","0.0","0.0","0.0","0.0","0.0","0.23529411764705882","0.0","0.0","0.0","0.0","0.0","0.0","0.0","0.0","0.0","0.0","0.0","0.0","0.23529411764705882","0.11764705882352941","0.11764705882352941","0.0","0.0","0.0","0.23529411764705882","0.0","0.0","0.0","0.0","0.0","0.0","0.0","0.0","0.0","0.0","0.0","0.0","0.0","0.0","1.0","0.0","0.0","1.0","0.0"
"0.0","0.25","0.65234375","0.0","0.0","0.0","0.0","0.0","0.0","0.0","0.0","0.0","0.0","0.0","0.0","0.0","0.0","0.23529411764705882","0.0","0.0","0.0","0.0","0.0","0.0","0.0","0.0","0.0","0.0","0.0","0.0","0.23529411764705882","0.11764705882352941","0.11764705882352941","0.0","0.0","0.0","0.23529411764705882","0.0","0.0","0.0","0.0","0.0","0.0","0.0","0.0","0.0","0.0","0.0","0.0","0.0","0.0","1.0","0.0","0.0","1.0","0.0"
"0.0","0.25","0.65234375","0.0","0.0","0.0","0.0","0.0","0.0","0.0","0.0","0.0","0.0","0.0","0.0","0.0","0.23529411764705882","0.0","0.0","0.0","0.0","0.0","0.0","0.0","0.0","0.0","0.0","0.0","0.0","0.0","0.0","0.0","0.0","0.0","0.0","0.23529411764705882","0.0","0.0","0.0","0.0","0.0","0.7058823529411765","0.7058823529411765","0.0","0.0","0.0","0.0","0.0","0.0","0.0","0.0","1.0","0.0","0.0","1.0","0.0"
"0.0","0.25","0.49609375","0.0","0.0","0.23529411764705882","0.0","0.0","0.0","0.0","0.0","0.0","0.0","0.0","0.0","0.0","0.23529411764705882","0.0","0.0","0.0","0.0","0.0","0.0","0.0","0.0","0.0","0.0","0.0","0.0","0.0","0.0","0.0","0.0","0.0","0.0","0.0","0.0","0.0","0.0","0.0","0.0","0.7058823529411765","0.7058823529411765","0.0","0.0","0.0","0.0","0.0","0.0","0.0","0.0","1.0","0.0","0.0","1.0","0.0"
"0.0","0.25","0.49609375","0.0","0.0","0.23529411764705882","0.0","0.0","0.0","0.0","0.0","0.0","0.0","0.0","0.0","0.0","0.23529411764705882","0.0","0.0","0.0","0.0","0.0","0.0","0.0","0.0","0.0","0.0","0.0","0.0","0.0","0.0","0.0","0.0","0.0","0.0","0.0","0.0","0.0","0.0","0.0","0.0","0.7058823529411765","0.0","0.7058823529411765","0.0","0.0","0.0","0.0","0.0","0.0","0.0","1.0","0.0","0.0","1.0","0.0"
"0.0","0.25","0.5","0.0","0.0","0.23529411764705882","0.0","0.0","0.0","0.0","0.0","0.0","0.0","0.0","0.0","0.0","0.23529411764705882","0.0","0.0","0.0","0.0","0.0","0.0","0.0","0.0","0.0","0.0","0.0","0.0","0.0","0.0","0.0","0.0","0.0","0.0","0.0","0.0","0.0","0.0","0.0","0.0","0.7058823529411765","0.0","0.7058823529411765","0.0","0.0","0.0","0.0","0.0","0.0","0.0","0.0","0.0","0.0","1.0","0.0"
"0.0","0.25","0.5","0.0","0.23529411764705882","0.0","0.0","0.0","0.0","0.0","0.0","0.0","0.0","0.0","0.0","0.23529411764705882","0.0","0.0","0.0","0.0","0.7058823529411765","0.0","0.7058823529411765","0.0","0.0","0.0","0.0","0.0","0.0","0.0","0.0","0.0","0.0","0.0","0.0","0.0","0.0","0.0","0.058823529411764705","0.058823529411764705","0.058823529411764705","0.058823529411764705","0.058823529411764705","0.058823529411764705","0.058823529411764705","0.0","0.0","0.0","0.0","0.0","0.0","0.0","0.0","0.0","1.0","0.0"
"0.0","0.25","0.50390625","0.0","0.23529411764705882","0.0","0.0","0.0","0.0","0.0","0.0","0.0","0.0","0.0","0.0","0.23529411764705882","0.0","0.0","0.0","0.0","0.7058823529411765","0.0","0.7058823529411765","0.0","0.0","0.0","0.0","0.0","0.0","0.0","0.0","0.0","0.0","0.0","0.0","0.0","0.0","0.0","0.058823529411764705","0.058823529411764705","0.058823529411764705","0.058823529411764705","0.058823529411764705","0.058823529411764705","0.058823529411764705","0.0","0.0","0.0","0.0","0.0","0.0","0.0","0.0","0.0","1.0","0.0"
"0.0","0.25","0.5078125","0.0","0.23529411764705882","0.0","0.0","0.0","0.0","0.0","0.0","0.0","0.0","0.0","0.0","0.23529411764705882","0.0","0.0","0.0","0.0","0.7058823529411765","0.0","0.7058823529411765","0.0","0.0","0.0","0.0","0.0","0.0","0.0","0.0","0.0","0.0","0.0","0.0","0.0","0.0","0.0","0.058823529411764705","0.058823529411764705","0.058823529411764705","0.058823529411764705","0.058823529411764705","0.058823529411764705","0.058823529411764705","0.0","0.0","0.0","0.0","0.0","0.0","0.0","0.0","0.0","1.0","0.0"
"0.0","0.25","0.51171875","0.0","0.23529411764705882","0.0","0.0","0.0","0.0","0.0","0.0","0.0","0.0","0.0","0.0","0.23529411764705882","0.0","0.0","0.0","0.0","0.7058823529411765","0.0","0.7058823529411765","0.0","0.0","0.0","0.0","0.0","0.0","0.0","0.0","0.0","0.0","0.0","0.0","0.0","0.0","0.0","0.058823529411764705","0.058823529411764705","0.058823529411764705","0.058823529411764705","0.058823529411764705","0.058823529411764705","0.058823529411764705","0.0","0.0","0.0","0.0","0.0","0.0","0.0","0.0","0.0","1.0","0.0"
"0.0","0.25","0.515625","0.0","0.0","0.0","0.0","0.7058823529411765","0.0","0.0","0.0","0.0","0.0","0.23529411764705882","0.23529411764705882","0.0","0.0","0.0","0.058823529411764705","0.058823529411764705","0.058823529411764705","0.058823529411764705","0.058823529411764705","0.7058823529411765","0.0","0.0","0.0","0.0","0.0","0.0","0.0","0.0","0.0","0.0","0.0","0.0","0.0","0.058823529411764705","0.058823529411764705","0.058823529411764705","0.058823529411764705","0.058823529411764705","0.058823529411764705","0.058823529411764705","0.058823529411764705","0.058823529411764705","0.0","0.0","0.0","0.0","0.0","0.0","0.0","0.0","1.0","0.0"
"0.0","0.25","0.49609375","0.0","0.0","0.0","0.0","0.0","0.058823529411764705","0.058823529411764705","0.058823529411764705","0.058823529411764705","0.0","0.0","0.058823529411764705","0.058823529411764705","0.058823529411764705","0.058823529411764705","0.058823529411764705","0.058823529411764705","0.058823529411764705","0.058823529411764705","0.058823529411764705","0.058823529411764705","0.058823529411764705","0.058823529411764705","0.0","0.0","0.0","0.0","0.0","0.0","0.0","0.0","0.058823529411764705","0.058823529411764705","0.058823529411764705","0.058823529411764705","0.058823529411764705","0.058823529411764705","0.058823529411764705","0.058823529411764705","0.058823529411764705","0.058823529411764705","0.058823529411764705","0.058823529411764705","0.058823529411764705","0.058823529411764705","0.0","0.0","0.0","1.0","0.0","0.0","1.0","0.0"
"0.0","0.25","0.5","0.0","0.0","0.0","0.0","0.0","0.058823529411764705","0.058823529411764705","0.058823529411764705","0.0","0.0","0.0","0.0","0.058823529411764705","0.058823529411764705","0.058823529411764705","0.058823529411764705","0.0","0.0","0.058823529411764705","0.058823529411764705","0.058823529411764705","0.058823529411764705","0.0","0.0","0.0","0.0","0.0","0.0","0.0","0.0","0.0","0.0","0.058823529411764705","0.058823529411764705","0.058823529411764705","0.058823529411764705","0.058823529411764705","0.058823529411764705","0.058823529411764705","0.058823529411764705","0.058823529411764705","0.058823529411764705","0.058823529411764705","0.058823529411764705","0.0","0.0","0.0","0.0","1.0","0.0","0.0","1.0","0.0"
"0.0","0.25","0.5","0.0","0.0","0.0","0.0","0.0","0.058823529411764705","0.058823529411764705","0.058823529411764705","0.0","0.0","0.0","0.0","0.058823529411764705","0.058823529411764705","0.058823529411764705","0.058823529411764705","0.0","0.0","0.058823529411764705","0.058823529411764705","0.058823529411764705","0.058823529411764705","0.0","0.0","0.0","0.0","0.0","0.0","0.0","0.0","0.0","0.0","0.058823529411764705","0.058823529411764705","0.058823529411764705","0.058823529411764705","0.058823529411764705","0.058823529411764705","0.058823529411764705","0.058823529411764705","0.058823529411764705","0.058823529411764705","0.058823529411764705","0.058823529411764705","0.0","0.0","0.0","0.0","1.0","0.0","0.0","1.0","0.0"
"0.0","0.25","0.50390625","0.0","0.0","0.0","0.0","0.0","0.058823529411764705","0.058823529411764705","0.058823529411764705","0.0","0.0","0.0","0.0","0.058823529411764705","0.058823529411764705","0.058823529411764705","0.058823529411764705","0.0","0.0","0.058823529411764705","0.058823529411764705","0.058823529411764705","0.058823529411764705","0.0","0.0","0.0","0.0","0.0","0.0","0.0","0.0","0.0","0.0","0.058823529411764705","0.058823529411764705","0.058823529411764705","0.058823529411764705","0.058823529411764705","0.058823529411764705","0.058823529411764705","0.058823529411764705","0.058823529411764705","0.058823529411764705","0.058823529411764705","0.058823529411764705","0.0","0.0","0.0","0.0","1.0","0.0","0.0","1.0","0.0"
"0.0","0.25","0.50390625","0.0","0.0","0.0","0.0","0.0","0.058823529411764705","0.058823529411764705","0.058823529411764705","0.0","0.0","0.0","0.0","0.058823529411764705","0.058823529411764705","0.058823529411764705","0.058823529411764705","0.0","0.0","0.058823529411764705","0.058823529411764705","0.058823529411764705","0.058823529411764705","0.0","0.0","0.0","0.0","0.0","0.0","0.0","0.0","0.0","0.0","0.058823529411764705","0.058823529411764705","0.058823529411764705","0.058823529411764705","0.058823529411764705","0.058823529411764705","0.058823529411764705","0.058823529411764705","0.058823529411764705","0.058823529411764705","0.058823529411764705","0.058823529411764705","0.0","0.0","0.0","0.0","1.0","0.0","0.0","1.0","0.0"
"0.0","0.25","0.5078125","0.0","0.0","0.0","0.0","0.0","0.058823529411764705","0.058823529411764705","0.058823529411764705","0.0","0.0","0.0","0.0","0.058823529411764705","0.058823529411764705","0.058823529411764705","0.058823529411764705","0.0","0.0","0.058823529411764705","0.058823529411764705","0.058823529411764705","0.058823529411764705","0.0","0.0","0.0","0.0","0.0","0.0","0.0","0.0","0.0","0.0","0.058823529411764705","0.058823529411764705","0.058823529411764705","0.058823529411764705","0.058823529411764705","0.058823529411764705","0.058823529411764705","0.058823529411764705","0.058823529411764705","0.058823529411764705","0.058823529411764705","0.058823529411764705","0.0","0.0","0.0","0.0","1.0","0.0","0.0","1.0","0.0"
"0.0","0.25","0.5078125","0.0","0.0","0.0","0.0","0.0","0.058823529411764705","0.058823529411764705","0.058823529411764705","0.0","0.0","0.0","0.0","0.058823529411764705","0.058823529411764705","0.058823529411764705","0.058823529411764705","0.0","0.0","0.058823529411764705","0.058823529411764705","0.058823529411764705","0.058823529411764705","0.0","0.0","0.0","0.0","0.0","0.0","0.0","0.0","0.0","0.0","0.058823529411764705","0.058823529411764705","0.058823529411764705","0.058823529411764705","0.058823529411764705","0.058823529411764705","0.058823529411764705","0.058823529411764705","0.058823529411764705","0.058823529411764705","0.058823529411764705","0.058823529411764705","0.0","0.0","0.0","0.0","1.0","0.0","0.0","1.0","0.0"
"0.0","0.25","0.49609375","0.0","0.0","0.0","0.0","0.0","0.058823529411764705","0.058823529411764705","0.058823529411764705","0.0","0.0","0.0","0.0","0.058823529411764705","0.058823529411764705","0.058823529411764705","0.058823529411764705","0.0","0.0","0.058823529411764705","0.058823529411764705","0.058823529411764705","0.058823529411764705","0.0","0.0","0.0","0.0","0.0","0.0","0.0","0.0","0.0","0.0","0.058823529411764705","0.058823529411764705","0.058823529411764705","0.058823529411764705","0.058823529411764705","0.058823529411764705","0.058823529411764705","0.058823529411764705","0.058823529411764705","0.058823529411764705","0.058823529411764705","0.058823529411764705","0.0","0.0","0.0","0.0","1.0","0.0","0.0","1.0","0.0"
"0.0","0.25","0.49609375","0.0","0.0","0.0","0.0","0.0","0.058823529411764705","0.058823529411764705","0.058823529411764705","0.0","0.0","0.0","0.0","0.058823529411764705","0.058823529411764705","0.058823529411764705","0.058823529411764705","0.0","0.0","0.058823529411764705","0.058823529411764705","0.058823529411764705","0.058823529411764705","0.0","0.0","0.0","0.0","0.0","0.0","0.0","0.0","0.0","0.0","0.058823529411764705","0.058823529411764705","0.058823529411764705","0.058823529411764705","0.058823529411764705","0.058823529411764705","0.058823529411764705","0.058823529411764705","0.058823529411764705","0.058823529411764705","0.058823529411764705","0.058823529411764705","0.0","0.0","0.0","0.0","1.0","0.0","0.0","1.0","0.0"
"0.0","0.25","0.5","0.0","0.0","0.0","0.0","0.0","0.058823529411764705","0.058823529411764705","0.058823529411764705","0.0","0.0","0.0","0.0","0.058823529411764705","0.058823529411764705","0.058823529411764705","0.058823529411764705","0.0","0.0","0.058823529411764705","0.058823529411764705","0.058823529411764705","0.058823529411764705","0.0","0.0","0.0","0.0","0.0","0.0","0.0","0.0","0.0","0.0","0.058823529411764705","0.058823529411764705","0.058823529411764705","0.058823529411764705","0.058823529411764705","0.058823529411764705","0.058823529411764705","0.058823529411764705","0.058823529411764705","0.058823529411764705","0.058823529411764705","0.058823529411764705","0.0","0.0","0.0","0.0","1.0","0.0","0.0","1.0","0.0"
"0.0","0.25","0.5","0.0","0.0","0.0","0.0","0.0","0.058823529411764705","0.058823529411764705","0.058823529411764705","0.0","0.0","0.0","0.0","0.058823529411764705","0.058823529411764705","0.058823529411764705","0.058823529411764705","0.0","0.0","0.058823529411764705","0.058823529411764705","0.058823529411764705","0.058823529411764705","0.0","0.0","0.0","0.0","0.0","0.0","0.0","0.0","0.0","0.0","0.058823529411764705","0.058823529411764705","0.058823529411764705","0.058823529411764705","0.058823529411764705","0.058823529411764705","0.058823529411764705","0.058823529411764705","0.058823529411764705","0.058823529411764705","0.058823529411764705","0.058823529411764705","0.0","0.0","0.0","0.0","1.0","0.0","0.0","1.0","1.0"
"0.0","0.25","0.50390625","0.0","0.0","0.0","0.0","0.0","0.058823529411764705","0.058823529411764705","0.058823529411764705","0.0","0.0","0.0","0.0","0.058823529411764705","0.058823529411764705","0.058823529411764705","0.058823529411764705","0.0","0.0","0.058823529411764705","0.058823529411764705","0.058823529411764705","0.058823529411764705","0.0","0.0","0.0","0.0","0.0","0.0","0.0","0.0","0.0","0.0","0.058823529411764705","0.058823529411764705","0.058823529411764705","0.058823529411764705","0.058823529411764705","0.058823529411764705","0.058823529411764705","0.058823529411764705","0.058823529411764705","0.058823529411764705","0.058823529411764705","0.058823529411764705","0.0","0.0","0.0","0.0","1.0","0.0","0.0","1.0","1.0"
"0.0","0.25","0.50390625","0.0","0.0","0.0","0.0","0.0","0.058823529411764705","0.058823529411764705","0.058823529411764705","0.0","0.0","0.0","0.0","0.058823529411764705","0.058823529411764705","0.058823529411764705","0.058823529411764705","0.0","0.0","0.058823529411764705","0.058823529411764705","0.058823529411764705","0.058823529411764705","0.0","0.0","0.0","0.0","0.0","0.0","0.0","0.0","0.0","0.0","0.058823529411764705","0.058823529411764705","0.058823529411764705","0.058823529411764705","0.058823529411764705","0.058823529411764705","0.058823529411764705","0.058823529411764705","0.058823529411764705","0.058823529411764705","0.058823529411764705","0.058823529411764705","0.0","0.0","0.0","0.0","1.0","0.0","0.0","1.0","1.0"
"0.0","0.25","0.5078125","0.0","0.0","0.0","0.0","0.0","0.058823529411764705","0.058823529411764705","0.058823529411764705","0.058823529411764705","0.0","0.0","0.058823529411764705","0.058823529411764705","0.058823529411764705","0.058823529411764705","0.058823529411764705","0.058823529411764705","0.058823529411764705","0.058823529411764705","0.058823529411764705","0.058823529411764705","0.058823529411764705","0.058823529411764705","0.0","0.0","0.0","0.0","0.0","0.0","0.0","0.0","0.058823529411764705","0.058823529411764705","0.058823529411764705","0.058823529411764705","0.058823529411764705","0.058823529411764705","0.058823529411764705","0.058823529411764705","0.058823529411764705","0.058823529411764705","0.058823529411764705","0.058823529411764705","0.058823529411764705","0.058823529411764705","0.0","0.0","0.0","1.0","0.0","0.0","1.0","1.0"
"0.0","0.25","0.51171875","0.0","0.0","0.0","0.0","0.0","0.058823529411764705","0.058823529411764705","0.058823529411764705","0.058823529411764705","0.0","0.0","0.058823529411764705","0.058823529411764705","0.058823529411764705","0.058823529411764705","0.058823529411764705","0.058823529411764705","0.058823529411764705","0.058823529411764705","0.058823529411764705","0.058823529411764705","0.058823529411764705","0.058823529411764705","0.0","0.0","0.0","0.0","0.0","0.0","0.0","0.0","0.058823529411764705","0.058823529411764705","0.058823529411764705","0.058823529411764705","0.058823529411764705","0.058823529411764705","0.058823529411764705","0.058823529411764705","0.058823529411764705","0.058823529411764705","0.058823529411764705","0.058823529411764705","0.058823529411764705","0.058823529411764705","0.0","0.0","0.0","1.0","0.0","0.0","1.0","1.0"
"0.0","0.25","0.49609375","0.0","0.0","0.0","0.0","0.0","0.058823529411764705","0.058823529411764705","0.058823529411764705","0.058823529411764705","0.0","0.0","0.058823529411764705","0.058823529411764705","0.058823529411764705","0.058823529411764705","0.058823529411764705","0.058823529411764705","0.058823529411764705","0.058823529411764705","0.058823529411764705","0.058823529411764705","0.058823529411764705","0.058823529411764705","0.0","0.0","0.0","0.0","0.0","0.0","0.0","0.0","0.058823529411764705","0.058823529411764705","0.058823529411764705","0.058823529411764705","0.058823529411764705","0.058823529411764705","0.058823529411764705","0.058823529411764705","0.058823529411764705","0.058823529411764705","0.058823529411764705","0.058823529411764705","0.058823529411764705","0.058823529411764705","0.0","0.0","0.0","1.0","0.0","0.0","1.0","1.0"
"0.0","0.25","0.49609375","0.0","0.0","0.0","0.0","0.0","0.058823529411764705","0.058823529411764705","0.058823529411764705","0.058823529411764705","0.0","0.0","0.058823529411764705","0.058823529411764705","0.058823529411764705","0.058823529411764705","0.058823529411764705","0.058823529411764705","0.058823529411764705","0.058823529411764705","0.058823529411764705","0.058823529411764705","0.058823529411764705","0.058823529411764705","0.0","0.0","0.0","0.0","0.0","0.0","0.0","0.0","0.058823529411764705","0.058823529411764705","0.058823529411764705","0.058823529411764705","0.058823529411764705","0.058823529411764705","0.058823529411764705","0.058823529411764705","0.058823529411764705","0.058823529411764705","0.058823529411764705","0.058823529411764705","0.058823529411764705","0.058823529411764705","0.0","0.0","0.0","1.0","0.0","0.0","1.0","1.0"
"0.0","0.0","0.5","0.0","0.0","0.0","0.058823529411764705","0.058823529411764705","0.058823529411764705","0.058823529411764705","0.058823529411764705","0.058823529411764705","0.0","0.0","0.058823529411764705","0.058823529411764705","0.058823529411764705","0.058823529411764705","0.058823529411764705","0.058823529411764705","0.058823529411764705","0.058823529411764705","0.058823529411764705","0.058823529411764705","0.058823529411764705","0.058823529411764705","0.058823529411764705","0.0","0.058823529411764705","0.0","0.0","0.058823529411764705","0.0","0.058823529411764705","0.058823529411764705","0.058823529411764705","0.058823529411764705","0.058823529411764705","0.0","0.0","0.0","0.0","0.0","0.0","0.0","0.058823529411764705","0.058823529411764705","0.058823529411764705","0.058823529411764705","0.0","0.0","1.0","0.0","0.0","1.0","1.0"
"0.0","0.0","0.50390625","0.0","0.0","0.0","0.058823529411764705","0.058823529411764705","0.058823529411764705","0.058823529411764705","0.058823529411764705","0.058823529411764705","0.0","0.0","0.058823529411764705","0.058823529411764705","0.058823529411764705","0.058823529411764705","0.058823529411764705","0.058823529411764705","0.058823529411764705","0.058823529411764705","0.058823529411764705","0.058823529411764705","0.058823529411764705","0.058823529411764705","0.058823529411764705","0.0","0.058823529411764705","0.0","0.0","0.058823529411764705","0.0","0.058823529411764705","0.058823529411764705","0.058823529411764705","0.058823529411764705","0.058823529411764705","0.0","0.0","0.0","0.0","0.0","0.0","0.0","0.058823529411764705","0.058823529411764705","0.058823529411764705","0.058823529411764705","0.0","0.0","1.0","0.0","0.0","1.0","1.0"
"0.0","0.0","0.5078125","0.0","0.0","0.0","0.058823529411764705","0.058823529411764705","0.058823529411764705","0.058823529411764705","0.058823529411764705","0.058823529411764705","0.0","0.0","0.058823529411764705","0.058823529411764705","0.058823529411764705","0.058823529411764705","0.058823529411764705","0.058823529411764705","0.058823529411764705","0.058823529411764705","0.058823529411764705","0.058823529411764705","0.058823529411764705","0.058823529411764705","0.058823529411764705","0.0","0.058823529411764705","0.0","0.0","0.058823529411764705","0.0","0.058823529411764705","0.058823529411764705","0.058823529411764705","0.058823529411764705","0.058823529411764705","0.0","0.0","0.0","0.0","0.0","0.0","0.0","0.058823529411764705","0.058823529411764705","0.058823529411764705","0.058823529411764705","0.0","0.0","1.0","0.0","0.0","1.0","1.0"
"0.0","0.0","0.5078125","0.0","0.0","0.0","0.058823529411764705","0.058823529411764705","0.058823529411764705","0.058823529411764705","0.058823529411764705","0.058823529411764705","0.0","0.0","0.058823529411764705","0.058823529411764705","0.058823529411764705","0.058823529411764705","0.058823529411764705","0.058823529411764705","0.058823529411764705","0.058823529411764705","0.058823529411764705","0.058823529411764705","0.058823529411764705","0.058823529411764705","0.058823529411764705","0.0","0.058823529411764705","0.0","0.0","0.058823529411764705","0.0","0.058823529411764705","0.058823529411764705","0.058823529411764705","0.058823529411764705","0.058823529411764705","0.0","0.0","0.0","0.0","0.0","0.0","0.0","0.058823529411764705","0.058823529411764705","0.058823529411764705","0.058823529411764705","0.0","0.0","1.0","0.0","0.0","1.0","1.0"
"0.0","0.0","0.51171875","0.0","0.0","0.0","0.058823529411764705","0.058823529411764705","0.058823529411764705","0.058823529411764705","0.058823529411764705","0.058823529411764705","0.0","0.0","0.058823529411764705","0.058823529411764705","0.058823529411764705","0.058823529411764705","0.058823529411764705","0.058823529411764705","0.058823529411764705","0.058823529411764705","0.058823529411764705","0.058823529411764705","0.058823529411764705","0.058823529411764705","0.058823529411764705","0.0","0.058823529411764705","0.0","0.0","0.058823529411764705","0.0","0.058823529411764705","0.058823529411764705","0.058823529411764705","0.058823529411764705","0.058823529411764705","0.0","0.0","0.0","0.0","0.0","0.0","0.0","0.058823529411764705","0.058823529411764705","0.058823529411764705","0.058823529411764705","0.0","0.0","1.0","0.0","0.0","1.0","1.0"
"0.0","0.0","0.49609375","0.0","0.0","0.0","0.058823529411764705","0.058823529411764705","0.058823529411764705","0.058823529411764705","0.058823529411764705","0.058823529411764705","0.0","0.0","0.058823529411764705","0.058823529411764705","0.058823529411764705","0.058823529411764705","0.058823529411764705","0.058823529411764705","0.058823529411764705","0.058823529411764705","0.058823529411764705","0.058823529411764705","0.058823529411764705","0.058823529411764705","0.058823529411764705","0.0","0.058823529411764705","0.0","0.0","0.058823529411764705","0.0","0.058823529411764705","0.058823529411764705","0.058823529411764705","0.058823529411764705","0.058823529411764705","0.0","0.0","0.0","0.0","0.0","0.0","0.0","0.058823529411764705","0.058823529411764705","0.058823529411764705","0.058823529411764705","0.0","0.0","1.0","0.0","0.0","1.0","1.0"
"0.0","0.0","0.49609375","0.0","0.0","0.0","0.058823529411764705","0.058823529411764705","0.058823529411764705","0.058823529411764705","0.058823529411764705","0.058823529411764705","0.0","0.0","0.058823529411764705","0.058823529411764705","0.058823529411764705","0.058823529411764705","0.058823529411764705","0.058823529411764705","0.058823529411764705","0.058823529411764705","0.058823529411764705","0.058823529411764705","0.058823529411764705","0.058823529411764705","0.058823529411764705","0.0","0.058823529411764705","0.0","0.0","0.058823529411764705","0.0","0.058823529411764705","0.058823529411764705","0.058823529411764705","0.058823529411764705","0.058823529411764705","0.0","0.0","0.0","0.0","0.0","0.0","0.0","0.058823529411764705","0.058823529411764705","0.058823529411764705","0.058823529411764705","0.0","0.0","1.0","0.0","0.0","1.0","1.0"
"0.0","0.0","0.5","0.0","0.0","0.0","0.058823529411764705","0.058823529411764705","0.058823529411764705","0.058823529411764705","0.058823529411764705","0.058823529411764705","0.0","0.0","0.058823529411764705","0.058823529411764705","0.058823529411764705","0.058823529411764705","0.058823529411764705","0.058823529411764705","0.058823529411764705","0.058823529411764705","0.058823529411764705","0.058823529411764705","0.058823529411764705","0.058823529411764705","0.058823529411764705","0.0","0.058823529411764705","0.0","0.0","0.058823529411764705","0.0","0.058823529411764705","0.058823529411764705","0.058823529411764705","0.058823529411764705","0.058823529411764705","0.0","0.0","0.0","0.0","0.0","0.0","0.0","0.058823529411764705","0.058823529411764705","0.058823529411764705","0.058823529411764705","0.0","0.0","1.0","0.0","0.0","1.0","1.0"
"0.0","0.0","0.50390625","0.0","0.0","0.0","0.058823529411764705","0.058823529411764705","0.058823529411764705","0.058823529411764705","0.058823529411764705","0.058823529411764705","0.0","0.0","0.058823529411764705","0.058823529411764705","0.058823529411764705","0.058823529411764705","0.058823529411764705","0.058823529411764705","0.058823529411764705","0.058823529411764705","0.058823529411764705","0.058823529411764705","0.058823529411764705","0.058823529411764705","0.058823529411764705","0.0","0.058823529411764705","0.0","0.0","0.058823529411764705","0.0","0.058823529411764705","0.058823529411764705","0.058823529411764705","0.058823529411764705","0.058823529411764705","0.0","0.0","0.0","0.0","0.0","0.0","0.0","0.058823529411764705","0.058823529411764705","0.058823529411764705","0.058823529411764705","0.0","0.0","1.0","0.0","0.0","1.0","1.0"
"0.0","0.0","0.5078125","0.0","0.0","0.0","0.058823529411764705","0.058823529411764705","0.058823529411764705","0.058823529411764705","0.058823529411764705","0.058823529411764705","0.0","0.0","0.058823529411764705","0.058823529411764705","0.058823529411764705","0.058823529411764705","0.058823529411764705","0.058823529411764705","0.058823529411764705","0.058823529411764705","0.058823529411764705","0.058823529411764705","0.058823529411764705","0.058823529411764705","0.058823529411764705","0.0","0.058823529411764705","0.0","0.0","0.058823529411764705","0.0","0.058823529411764705","0.058823529411764705","0.058823529411764705","0.058823529411764705","0.058823529411764705","0.0","0.0","0.0","0.0","0.0","0.0","0.0","0.058823529411764705","0.058823529411764705","0.058823529411764705","0.058823529411764705","0.0","0.0","1.0","0.0","0.0","1.0","1.0"
"0.0","0.0","0.51171875","0.0","0.0","0.0","0.058823529411764705","0.058823529411764705","0.058823529411764705","0.058823529411764705","0.058823529411764705","0.058823529411764705","0.0","0.0","0.058823529411764705","0.058823529411764705","0.058823529411764705","0.058823529411764705","0.058823529411764705","0.058823529411764705","0.058823529411764705","0.058823529411764705","0.058823529411764705","0.058823529411764705","0.058823529411764705","0.058823529411764705","0.058823529411764705","0.0","0.058823529411764705","0.0","0.0","0.058823529411764705","0.0","0.058823529411764705","0.058823529411764705","0.058823529411764705","0.058823529411764705","0.058823529411764705","0.0","0.0","0.0","0.0","0.0","0.0","0.0","0.058823529411764705","0.058823529411764705","0.058823529411764705","0.058823529411764705","0.0","0.0","1.0","0.0","0.0","1.0","1.0"
"0.0","0.0","0.49609375","0.0","0.0","0.0","0.058823529411764705","0.058823529411764705","0.058823529411764705","0.058823529411764705","0.058823529411764705","0.058823529411764705","0.0","0.0","0.058823529411764705","0.058823529411764705","0.058823529411764705","0.058823529411764705","0.058823529411764705","0.058823529411764705","0.058823529411764705","0.058823529411764705","0.058823529411764705","0.058823529411764705","0.058823529411764705","0.058823529411764705","0.058823529411764705","0.0","0.058823529411764705","0.0","0.0","0.058823529411764705","0.0","0.058823529411764705","0.058823529411764705","0.058823529411764705","0.058823529411764705","0.058823529411764705","0.0","0.0","0.0","0.0","0.0","0.0","0.0","0.058823529411764705","0.058823529411764705","0.058823529411764705","0.058823529411764705","0.0","0.0","1.0","0.0","0.0","1.0","1.0"
"0.0","0.0","0.49609375","0.0","0.0","0.0","0.058823529411764705","0.058823529411764705","0.058823529411764705","0.058823529411764705","0.058823529411764705","0.058823529411764705","0.0","0.0","0.058823529411764705","0.058823529411764705","0.058823529411764705","0.058823529411764705","0.058823529411764705","0.058823529411764705","0.058823529411764705","0.058823529411764705","0.058823529411764705","0.058823529411764705","0.058823529411764705","0.058823529411764705","0.058823529411764705","0.0","0.058823529411764705","0.0","0.0","0.058823529411764705","0.0","0.058823529411764705","0.058823529411764705","0.058823529411764705","0.058823529411764705","0.058823529411764705","0.0","0.0","0.0","0.0","0.0","0.0","0.0","0.058823529411764705","0.058823529411764705","0.058823529411764705","0.058823529411764705","0.0","0.0","1.0","0.0","0.0","1.0","1.0"
"0.0","0.0","0.5","0.0","0.0","0.0","0.058823529411764705","0.058823529411764705","0.058823529411764705","0.058823529411764705","0.058823529411764705","0.058823529411764705","0.0","0.0","0.058823529411764705","0.058823529411764705","0.058823529411764705","0.058823529411764705","0.058823529411764705","0.058823529411764705","0.058823529411764705","0.058823529411764705","0.058823529411764705","0.058823529411764705","0.058823529411764705","0.058823529411764705","0.058823529411764705","0.0","0.058823529411764705","0.0","0.0","0.058823529411764705","0.0","0.058823529411764705","0.058823529411764705","0.058823529411764705","0.058823529411764705","0.058823529411764705","0.0","0.0","0.0","0.0","0.0","0.0","0.0","0.058823529411764705","0.058823529411764705","0.058823529411764705","0.058823529411764705","0.0","0.0","1.0","0.0","0.0","1.0","1.0"
"0.0","0.0","0.50390625","0.0","0.0","0.0","0.058823529411764705","0.058823529411764705","0.058823529411764705","0.058823529411764705","0.058823529411764705","0.058823529411764705","0.0","0.0","0.058823529411764705","0.058823529411764705","0.058823529411764705","0.058823529411764705","0.058823529411764705","0.058823529411764705","0.058823529411764705","0.058823529411764705","0.058823529411764705","0.058823529411764705","0.058823529411764705","0.058823529411764705","0.058823529411764705","0.0","0.058823529411764705","0.0","0.0","0.058823529411764705","0.0","0.058823529411764705","0.058823529411764705","0.058823529411764705","0.058823529411764705","0.058823529411764705","0.0","0.0","0.0","0.0","0.0","0.0","0.0","0.058823529411764705","0.058823529411764705","0.058823529411764705","0.058823529411764705","0.0","0.0","1.0","0.0","0.0","1.0","0.0"
"0.0","0.0","0.50390625","0.0","0.0","0.0","0.058823529411764705","0.058823529411764705","0.058823529411764705","0.058823529411764705","0.058823529411764705","0.058823529411764705","0.0","0.0","0.058823529411764705","0.058823529411764705","0.058823529411764705","0.058823529411764705","0.058823529411764705","0.058823529411764705","0.058823529411764705","0.058823529411764705","0.058823529411764705","0.058823529411764705","0.058823529411764705","0.058823529411764705","0.058823529411764705","0.0","0.058823529411764705","0.0","0.0","0.058823529411764705","0.0","0.058823529411764705","0.058823529411764705","0.058823529411764705","0.058823529411764705","0.058823529411764705","0.0","0.0","0.0","0.0","0.0","0.0","0.0","0.058823529411764705","0.058823529411764705","0.058823529411764705","0.058823529411764705","0.0","0.0","1.0","0.0","0.0","1.0","0.0"
"0.0","0.0","0.5078125","0.0","0.0","0.0","0.058823529411764705","0.058823529411764705","0.058823529411764705","0.058823529411764705","0.058823529411764705","0.058823529411764705","0.0","0.0","0.058823529411764705","0.058823529411764705","0.058823529411764705","0.058823529411764705","0.058823529411764705","0.058823529411764705","0.058823529411764705","0.058823529411764705","0.058823529411764705","0.058823529411764705","0.058823529411764705","0.058823529411764705","0.058823529411764705","0.0","0.058823529411764705","0.0","0.0","0.058823529411764705","0.0","0.058823529411764705","0.058823529411764705","0.058823529411764705","0.058823529411764705","0.058823529411764705","0.0","0.0","0.0","0.0","0.0","0.0","0.0","0.058823529411764705","0.058823529411764705","0.058823529411764705","0.058823529411764705","0.0","0.0","1.0","0.0","0.0","1.0","0.0"
"0.0","0.0","0.51171875","0.0","0.0","0.0","0.058823529411764705","0.058823529411764705","0.058823529411764705","0.058823529411764705","0.058823529411764705","0.058823529411764705","0.0","0.0","0.058823529411764705","0.058823529411764705","0.058823529411764705","0.058823529411764705","0.058823529411764705","0.058823529411764705","0.058823529411764705","0.058823529411764705","0.058823529411764705","0.058823529411764705","0.058823529411764705","0.058823529411764705","0.058823529411764705","0.0","0.058823529411764705","0.0","0.0","0.058823529411764705","0.0","0.058823529411764705","0.058823529411764705","0.058823529411764705","0.058823529411764705","0.058823529411764705","0.0","0.0","0.0","0.0","0.0","0.0","0.0","0.058823529411764705","0.058823529411764705","0.058823529411764705","0.058823529411764705","0.0","0.0","1.0","0.0","0.0","1.0","0.0"
"0.0","0.0","0.49609375","0.0","0.0","0.0","0.058823529411764705","0.058823529411764705","0.058823529411764705","0.058823529411764705","0.058823529411764705","0.058823529411764705","0.0","0.0","0.058823529411764705","0.058823529411764705","0.058823529411764705","0.058823529411764705","0.058823529411764705","0.058823529411764705","0.058823529411764705","0.058823529411764705","0.058823529411764705","0.058823529411764705","0.058823529411764705","0.058823529411764705","0.058823529411764705","0.0","0.058823529411764705","0.0","0.0","0.058823529411764705","0.0","0.058823529411764705","0.058823529411764705","0.058823529411764705","0.058823529411764705","0.058823529411764705","0.0","0.0","0.0","0.0","0.0","0.0","0.0","0.058823529411764705","0.058823529411764705","0.058823529411764705","0.058823529411764705","0.0","0.0","1.0","0.0","0.0","1.0","0.0"
"0.0","0.0","0.49609375","0.0","0.0","0.0","0.058823529411764705","0.058823529411764705","0.058823529411764705","0.058823529411764705","0.058823529411764705","0.058823529411764705","0.0","0.0","0.058823529411764705","0.058823529411764705","0.058823529411764705","0.058823529411764705","0.058823529411764705","0.058823529411764705","0.058823529411764705","0.058823529411764705","0.058823529411764705","0.058823529411764705","0.058823529411764705","0.058823529411764705","0.058823529411764705","0.0","0.058823529411764705","0.0","0.0","0.058823529411764705","0.0","0.058823529411764705","0.058823529411764705","0.058823529411764705","0.058823529411764705","0.058823529411764705","0.0","0.0","0.0","0.0","0.0","0.0","0.0","0.058823529411764705","0.058823529411764705","0.058823529411764705","0.058823529411764705","0.0","0.0","1.0","0.0","0.0","1.0","0.0"
"0.0","0.0","0.5","0.0","0.0","0.0","0.058823529411764705","0.058823529411764705","0.058823529411764705","0.058823529411764705","0.058823529411764705","0.058823529411764705","0.0","0.0","0.058823529411764705","0.058823529411764705","0.058823529411764705","0.058823529411764705","0.058823529411764705","0.058823529411764705","0.058823529411764705","0.058823529411764705","0.058823529411764705","0.058823529411764705","0.058823529411764705","0.058823529411764705","0.058823529411764705","0.0","0.058823529411764705","0.0","0.0","0.058823529411764705","0.0","0.058823529411764705","0.058823529411764705","0.058823529411764705","0.058823529411764705","0.058823529411764705","0.0","0.0","0.0","0.0","0.0","0.0","0.0","0.058823529411764705","0.058823529411764705","0.058823529411764705","0.058823529411764705","0.0","0.0","1.0","0.0","0.0","0.0","0.0"
